vehicle	group	manufacturer	model	division	powertrain	status	thumbnail
301	0301-0344	New Flyer	2003 D40LF	Malton	ISL-D864.3E	Active	https://cdn.discordapp.com/attachments/385830976879722499/466420009762160660/IMG_2066.JPG	10 July 2018
302	0301-0344	New Flyer	2003 D40LF	Malton	ISL-D864.3E	Active		9 July 2018
303	0301-0344	New Flyer	2003 D40LF	N/A	ISL-D864.3E	Retired - 2014		9 July 2018
304	0301-0344	New Flyer	2003 D40LF	Central Parkway	ISL-D864.3E	Active		9 July 2018
305	0301-0344	New Flyer	2003 D40LF	N/A	ISL-D864.3E	Retired - 2014		9 July 2018
306	0301-0344	New Flyer	2003 D40LF	Central Parkway	ISL-D864.3E	Active		9 July 2018
307	0301-0344	New Flyer	2003 D40LF	Central Parkway	ISL-D864.3E	Active	https://media.discordapp.net/attachments/466672200024588301/466750437547311116/IMG_20180331_013517_877.jpg	11 July 2018
308	0301-0344	New Flyer	2003 D40LF	Central Parkway	ISL-D864.3E	Active		9 July 2018
309	0301-0344	New Flyer	2003 D40LF	Central Parkway	ISL-D864.3E	Active		9 July 2018
310	0301-0344	New Flyer	2003 D40LF	Central Parkway	ISL-D864.3E	Active	https://cdn.discordapp.com/attachments/385830976879722499/466679560088584192/IMG_0299.JPG	11 July 2018
311	0301-0344	New Flyer	2003 D40LF	Central Parkway	ISL-D864.3E	Active		9 July 2018
312	0301-0344	New Flyer	2003 D40LF	Central Parkway	ISL-D864.3E	Active		9 July 2018
313	0301-0344	New Flyer	2003 D40LF	Central Parkway	ISL-D864.3E	Active	https://cdn.discordapp.com/attachments/385830976879722499/466421113753436170/IMG_2092.JPG	10 July 2018
314	0301-0344	New Flyer	2003 D40LF	Central Parkway	ISL-D864.3E	Active		9 July 2018
315	0301-0344	New Flyer	2003 D40LF	Central Parkway	ISL-D864.3E	Active		9 July 2018
316	0301-0344	New Flyer	2003 D40LF	Central Parkway	ISL-D864.3E	Active	https://media.discordapp.net/attachments/385830976879722499/466662579599704065/IMG_6168.JPG?width=779&height=520	11 July 2018
317	0301-0344	New Flyer	2003 D40LF	Central Parkway	ISL-D864.3E	Active		9 July 2018
318	0301-0344	New Flyer	2003 D40LF	Central Parkway	ISL-D864.3E	Active		9 July 2018
319	0301-0344	New Flyer	2003 D40LF	Central Parkway	ISL-D864.3E	Active		9 July 2018
320	0301-0344	New Flyer	2003 D40LF	Central Parkway	ISL-D864.3E	Active		9 July 2018
321	0301-0344	New Flyer	2003 D40LF	Central Parkway	ISL-D864.3E	Active		9 July 2018
322	0301-0344	New Flyer	2003 D40LF	Central Parkway	ISL-D864.3E	Active		9 July 2018
323	0301-0344	New Flyer	2003 D40LF	Central Parkway	ISL-D864.3E	Active		9 July 2018
324	0301-0344	New Flyer	2003 D40LF	Central Parkway	ISL-D864.3E	Active		9 July 2018
325	0301-0344	New Flyer	2003 D40LF	Central Parkway	ISL-D864.3E	Active	https://cdn.discordapp.com/attachments/385830976879722499/466628246830841859/IMG_1260.JPG	11 July 2018
326	0301-0344	New Flyer	2003 D40LF	Central Parkway	ISL-D864.3E	Active		9 July 2018
327	0301-0344	New Flyer	2003 D40LF	Central Parkway	ISL-D864.3E	Active	https://cdn.discordapp.com/attachments/385830976879722499/466410752937558021/IMG_1858.JPG	10 July 2018
328	0301-0344	New Flyer	2003 D40LF	Central Parkway	ISL-D864.3E	Active		9 July 2018
329	0301-0344	New Flyer	2003 D40LF	Central Parkway	ISL-D864.3E	Active		9 July 2018
330	0301-0344	New Flyer	2003 D40LF	Central Parkway	ISL-D864.3E	Active	https://media.discordapp.net/attachments/466672200024588301/466751543211851799/IMG_20180331_013517_878.jpg	11 July 2018
331	0301-0344	New Flyer	2003 D40LF	Central Parkway	ISL-D864.3E	Active		9 July 2018
332	0301-0344	New Flyer	2003 D40LF	Central Parkway	ISL-D864.3E	Active		9 July 2018
333	0301-0344	New Flyer	2003 D40LF	Central Parkway	ISL-D864.3E	Active		9 July 2018
334	0301-0344	New Flyer	2003 D40LF	Central Parkway	ISL-D864.3E	Active		9 July 2018
335	0301-0344	New Flyer	2003 D40LF	Central Parkway	ISL-D864.3E	Active		9 July 2018
336	0301-0344	New Flyer	2003 D40LF	Central Parkway	ISL-D864.3E	Active		9 July 2018
337	0301-0344	New Flyer	2003 D40LF	Central Parkway	ISL-D864.3E	Active		9 July 2018
338	0301-0344	New Flyer	2003 D40LF	Central Parkway	ISL-D864.3E	Active		9 July 2018
339	0301-0344	New Flyer	2003 D40LF	Central Parkway	ISL-D864.3E	Active	https://cdn.discordapp.com/attachments/385830976879722499/466420676279140352/IMG_2070.JPG	10 July 2018
340	0301-0344	New Flyer	2003 D40LF	Central Parkway	ISL-D864.3E	Active		9 July 2018
341	0301-0344	New Flyer	2003 D40LF	Central Parkway	ISL-D864.3E	Active		9 July 2018
342	0301-0344	New Flyer	2003 D40LF	Central Parkway	ISL-D864.3E	Active	https://media.discordapp.net/attachments/466672200024588301/466704215994269708/IMG_20180707_160302_749.jpg	11 July 2018
343	0301-0344	New Flyer	2003 D40LF	Central Parkway	ISL-D864.3E	Active		9 July 2018
344	0301-0344	New Flyer	2003 D40LF	Central Parkway	ISL-D864.3E	Active	https://media.discordapp.net/attachments/385830976879722499/466429411885842434/IMG_3041.JPG?width=500&height=300	10 July 2018
501	0501-0572	New Flyer	2005 D40LF	Malton	ISL-D864.3E	Active		9 July 2018
502	0501-0572	New Flyer	2005 D40LF	Malton	ISL-D864.3E	Active		9 July 2018
503	0501-0572	New Flyer	2005 D40LF	Malton	ISL-D864.3E	Active		9 July 2018
504	0501-0572	New Flyer	2005 D40LF	Malton	ISL-D864.3E	Active		9 July 2018
505	0501-0572	New Flyer	2005 D40LF	Malton	ISL-D864.3E	Active		9 July 2018
506	0501-0572	New Flyer	2005 D40LF	Malton	ISL-D864.3E	Active		9 July 2018
507	0501-0572	New Flyer	2005 D40LF	Malton	ISL-D864.3E	Active		9 July 2018
508	0501-0572	New Flyer	2005 D40LF	Malton	ISL-D864.3E	Active		9 July 2018
509	0501-0572	New Flyer	2005 D40LF	Central Parkway	ISL-D864.3E	Active		9 July 2018
510	0501-0572	New Flyer	2005 D40LF	Central Parkway	ISL-D864.3E	Active		9 July 2018
511	0501-0572	New Flyer	2005 D40LF	Central Parkway	ISL-D864.3E	Active		9 July 2018
512	0501-0572	New Flyer	2005 D40LF	Malton	ISL-D864.3E	Active		9 July 2018
513	0501-0572	New Flyer	2005 D40LF	Malton	ISL-D864.3E	Active		9 July 2018
514	0501-0572	New Flyer	2005 D40LF	Central Parkway	ISL-D864.3E	Active		9 July 2018
515	0501-0572	New Flyer	2005 D40LF	Central Parkway	ISL-D864.3E	Active		9 July 2018
516	0501-0572	New Flyer	2005 D40LF	Central Parkway	ISL-D864.3E	Active		9 July 2018
517	0501-0572	New Flyer	2005 D40LF	Central Parkway	ISL-D864.3E	Active		9 July 2018
518	0501-0572	New Flyer	2005 D40LF	Central Parkway	ISL-D864.3E	Active		9 July 2018
519	0501-0572	New Flyer	2005 D40LF	Central Parkway	ISL-D864.3E	Active		9 July 2018
520	0501-0572	New Flyer	2005 D40LF	Central Parkway	ISL-D864.3E	Active		9 July 2018
521	0501-0572	New Flyer	2005 D40LF	Central Parkway	ISL-D864.3E	Active		9 July 2018
522	0501-0572	New Flyer	2005 D40LF	Central Parkway	ISL-D864.3E	Active		9 July 2018
523	0501-0572	New Flyer	2005 D40LF	Central Parkway	ISL-D864.3E	Active		9 July 2018
524	0501-0572	New Flyer	2005 D40LF	Central Parkway	ISL-D864.3E	Active		9 July 2018
525	0501-0572	New Flyer	2005 D40LF	Central Parkway	ISL-D864.3E	Active		9 July 2018
526	0501-0572	New Flyer	2005 D40LF	Central Parkway	ISL-D864.3E	Active		9 July 2018
527	0501-0572	New Flyer	2005 D40LF	Central Parkway	ISL-D864.3E	Active		9 July 2018
528	0501-0572	New Flyer	2005 D40LF	Central Parkway	ISL-D864.3E	Active		9 July 2018
529	0501-0572	New Flyer	2005 D40LF	Central Parkway	ISL-D864.3E	Active		9 July 2018
530	0501-0572	New Flyer	2005 D40LF	Central Parkway	ISL-D864.3E	Active		9 July 2018
531	0501-0572	New Flyer	2005 D40LF	Central Parkway	ISL-D864.3E	Active		9 July 2018
532	0501-0572	New Flyer	2005 D40LF	Central Parkway	ISL-D864.3E	Active		9 July 2018
533	0501-0572	New Flyer	2005 D40LF	Central Parkway	ISL-D864.3E	Active		9 July 2018
534	0501-0572	New Flyer	2005 D40LF	Central Parkway	ISL-D864.3E	Active	https://media.discordapp.net/attachments/385830976879722499/466421731523821569/IMG_2095.JPG?width=779&height=520	10 July 2018
535	0501-0572	New Flyer	2005 D40LF	Central Parkway	ISL-D864.3E	Active		9 July 2018
536	0501-0572	New Flyer	2005 D40LF	Central Parkway	ISL-D864.3E	Active		9 July 2018
537	0501-0572	New Flyer	2005 D40LF	Central Parkway	ISL-D864.3E	Active		9 July 2018
538	0501-0572	New Flyer	2005 D40LF	Central Parkway	ISL-D864.3E	Active		9 July 2018
539	0501-0572	New Flyer	2005 D40LF	Central Parkway	ISL-D864.3E	Active		9 July 2018
540	0501-0572	New Flyer	2005 D40LF	Central Parkway	ISL-D864.3E	Active		9 July 2018
541	0501-0572	New Flyer	2005 D40LF	Central Parkway	ISL-D864.3E	Active		9 July 2018
542	0501-0572	New Flyer	2005 D40LF	Central Parkway	ISL-D864.3E	Active		9 July 2018
543	0501-0572	New Flyer	2005 D40LF	Central Parkway	ISL-D864.3E	Active		9 July 2018
544	0501-0572	New Flyer	2005 D40LF	Central Parkway	ISL-D864.3E	Active		9 July 2018
545	0501-0572	New Flyer	2005 D40LF	Central Parkway	ISL-D864.3E	Active		9 July 2018
546	0501-0572	New Flyer	2005 D40LF	Central Parkway	ISL-D864.3E	Active		9 July 2018
547	0501-0572	New Flyer	2005 D40LF	Central Parkway	ISL-D864.3E	Active		9 July 2018
548	0501-0572	New Flyer	2005 D40LF	Central Parkway	ISL-D864.3E	Active		9 July 2018
549	0501-0572	New Flyer	2005 D40LF	Central Parkway	ISL-D864.3E	Active		9 July 2018
550	0501-0572	New Flyer	2005 D40LF	Central Parkway	ISL-D864.3E	Active	https://media.discordapp.net/attachments/466672200024588301/466751058723602443/IMG_20180331_013517_876.jpg	11 July 2018
551	0501-0572	New Flyer	2005 D40LF	Central Parkway	ISL-D864.3E	Active		9 July 2018
552	0501-0572	New Flyer	2005 D40LF	Central Parkway	ISL-D864.3E	Active		9 July 2018
553	0501-0572	New Flyer	2005 D40LF	Central Parkway	ISL-D864.3E	Active		9 July 2018
554	0501-0572	New Flyer	2005 D40LF	Central Parkway	ISL-D864.3E	Active		9 July 2018
555	0501-0572	New Flyer	2005 D40LF	Central Parkway	ISL-D864.3E	Active		9 July 2018
556	0501-0572	New Flyer	2005 D40LF	Central Parkway	ISL-D864.3E	Active		9 July 2018
557	0501-0572	New Flyer	2005 D40LF	Central Parkway	ISL-D864.3E	Active		9 July 2018
558	0501-0572	New Flyer	2005 D40LF	Central Parkway	ISL-D864.3E	Active		9 July 2018
559	0501-0572	New Flyer	2005 D40LF	Central Parkway	ISL-D864.3E	Active		9 July 2018
560	0501-0572	New Flyer	2005 D40LF	Central Parkway	ISL-D864.3E	Active		9 July 2018
561	0501-0572	New Flyer	2005 D40LF	Central Parkway	ISL-D864.3E	Active		9 July 2018
562	0501-0572	New Flyer	2005 D40LF	Central Parkway	ISL-D864.3E	Active		9 July 2018
563	0501-0572	New Flyer	2005 D40LF	Central Parkway	ISL-D864.3E	Active	https://cdn.discordapp.com/attachments/385830976879722499/466597355118919690/IMG_1485.JPG	11 July 2018
564	0501-0572	New Flyer	2005 D40LF	Central Parkway	ISL-D864.3E	Active		9 July 2018
565	0501-0572	New Flyer	2005 D40LF	Central Parkway	ISL-D864.3E	Active		9 July 2018
566	0501-0572	New Flyer	2005 D40LF	Central Parkway	ISL-D864.3E	Active		9 July 2018
567	0501-0572	New Flyer	2005 D40LF	Central Parkway	ISL-D864.3E	Active		9 July 2018
568	0501-0572	New Flyer	2005 D40LF	Central Parkway	ISL-D864.3E	Active		9 July 2018
569	0501-0572	New Flyer	2005 D40LF	Central Parkway	ISL-D864.3E	Active		9 July 2018
570	0501-0572	New Flyer	2005 D40LF	Central Parkway	ISL-D864.3E	Active		9 July 2018
571	0501-0572	New Flyer	2005 D40LF	Central Parkway	ISL-D864.3E	Active		9 July 2018
572	0501-0572	New Flyer	2005 D40LF	Central Parkway	ISL-D864.3E	Active		9 July 2018
601	0601-0653	New Flyer	2006 D40LFR	Malton	ISL-D864.3E	Active		9 July 2018
602	0601-0653	New Flyer	2006 D40LFR	Malton	ISL-D864.3E	Active		9 July 2018
603	0601-0653	New Flyer	2006 D40LFR	Malton	ISL-D864.3E	Active		9 July 2018
604	0601-0653	New Flyer	2006 D40LFR	Malton	ISL-D864.3E	Active		9 July 2018
605	0601-0653	New Flyer	2006 D40LFR	Malton	ISL-D864.3E	Active	https://media.discordapp.net/attachments/385830976879722499/466457092543348739/IMG_4926.JPG?width=500&height=300	11 July 2018
606	0601-0653	New Flyer	2006 D40LFR	Malton	ISL-D864.3E	Active		9 July 2018
607	0601-0653	New Flyer	2006 D40LFR	Malton	ISL-D864.3E	Active		9 July 2018
608	0601-0653	New Flyer	2006 D40LFR	Malton	ISL-D864.3E	Active		9 July 2018
609	0601-0653	New Flyer	2006 D40LFR	Malton	ISL-D864.3E	Active		9 July 2018
610	0601-0653	New Flyer	2006 D40LFR	Malton	ISL-D864.3E	Active		9 July 2018
611	0601-0653	New Flyer	2006 D40LFR	Malton	ISL-D864.3E	Active		9 July 2018
612	0601-0653	New Flyer	2006 D40LFR	Malton	ISL-D864.3E	Active		9 July 2018
613	0601-0653	New Flyer	2006 D40LFR	Malton	ISL-D864.3E	Active		9 July 2018
614	0601-0653	New Flyer	2006 D40LFR	Malton	ISL-D864.3E	Active		9 July 2018
615	0601-0653	New Flyer	2006 D40LFR	Malton	ISL-D864.3E	Active		9 July 2018
616	0601-0653	New Flyer	2006 D40LFR	Malton	ISL-D864.3E	Active		9 July 2018
617	0601-0653	New Flyer	2006 D40LFR	Malton	ISL-D864.3E	Active		9 July 2018
618	0601-0653	New Flyer	2006 D40LFR	Malton	ISL-D864.3E	Active		9 July 2018
619	0601-0653	New Flyer	2006 D40LFR	Malton	ISL-D864.3E	Active		9 July 2018
620	0601-0653	New Flyer	2006 D40LFR	Malton	ISL-D864.3E	Active		9 July 2018
621	0601-0653	New Flyer	2006 D40LFR	Malton	ISL-D864.3E	Active		9 July 2018
622	0601-0653	New Flyer	2006 D40LFR	Malton	ISL-D864.3E	Active		9 July 2018
623	0601-0653	New Flyer	2006 D40LFR	Malton	ISL-D864.3E	Active		9 July 2018
624	0601-0653	New Flyer	2006 D40LFR	Malton	ISL-D864.3E	Active		9 July 2018
625	0601-0653	New Flyer	2006 D40LFR	Malton	ISL-D864.3E	Active		9 July 2018
626	0601-0653	New Flyer	2006 D40LFR	Malton	ISL-D864.3E	Active		9 July 2018
627	0601-0653	New Flyer	2006 D40LFR	Malton	ISL-D864.3E	Inactive		9 July 2018
628	0601-0653	New Flyer	2006 D40LFR	Malton	ISL-D864.3E	Active		9 July 2018
629	0601-0653	New Flyer	2006 D40LFR	Malton	ISL-D864.3E	Active		9 July 2018
630	0601-0653	New Flyer	2006 D40LFR	Malton	ISL-D864.3E	Active		9 July 2018
631	0601-0653	New Flyer	2006 D40LFR	Malton	ISL-D864.3E	Active		9 July 2018
632	0601-0653	New Flyer	2006 D40LFR	Malton	ISL-D864.3E	Active		9 July 2018
633	0601-0653	New Flyer	2006 D40LFR	Malton	ISL-D864.3E	Active		9 July 2018
634	0601-0653	New Flyer	2006 D40LFR	Malton	ISL-D864.3E	Active		9 July 2018
635	0601-0653	New Flyer	2006 D40LFR	Malton	ISL-D864.3E	Active		9 July 2018
636	0601-0653	New Flyer	2006 D40LFR	Malton	ISL-D864.3E	Active		9 July 2018
637	0601-0653	New Flyer	2006 D40LFR	Malton	ISL-D864.3E	Active		9 July 2018
638	0601-0653	New Flyer	2006 D40LFR	Malton	ISL-D864.3E	Active		9 July 2018
639	0601-0653	New Flyer	2006 D40LFR	Malton	ISL-D864.3E	Active		9 July 2018
640	0601-0653	New Flyer	2006 D40LFR	Malton	ISL-D864.3E	Active		9 July 2018
641	0601-0653	New Flyer	2006 D40LFR	Malton	ISL-D864.3E	Active		9 July 2018
642	0601-0653	New Flyer	2006 D40LFR	Malton	ISL-D864.3E	Active		9 July 2018
643	0601-0653	New Flyer	2006 D40LFR	Malton	ISL-D864.3E	Active		9 July 2018
644	0601-0653	New Flyer	2006 D40LFR	Malton	ISL-D864.3E	Active		9 July 2018
645	0601-0653	New Flyer	2006 D40LFR	Malton	ISL-D864.3E	Active		9 July 2018
646	0601-0653	New Flyer	2006 D40LFR	Malton	ISL-D864.3E	Active		9 July 2018
647	0601-0653	New Flyer	2006 D40LFR	Malton	ISL-D864.3E	Active		9 July 2018
648	0601-0653	New Flyer	2006 D40LFR	Malton	ISL-D864.3E	Active		9 July 2018
649	0601-0653	New Flyer	2006 D40LFR	Malton	ISL-D864.3E	Active		9 July 2018
650	0601-0653	New Flyer	2006 D40LFR	Malton	ISL-D864.3E	Active		9 July 2018
651	0601-0653	New Flyer	2006 D40LFR	Malton	ISL-D864.3E	Active		9 July 2018
652	0601-0653	New Flyer	2006 D40LFR	Malton	ISL-D864.3E	Active		9 July 2018
653	0601-0653	New Flyer	2006 D40LFR	Malton	ISL-D864.3E	Active		9 July 2018
721	0721-0735	New Flyer	2007 D40LFR	Central Parkway	ISL-D864.5	Active		9 July 2018
722	0721-0735	New Flyer	2007 D40LFR	Central Parkway	ISL-D864.5	Active		9 July 2018
723	0721-0735	New Flyer	2007 D40LFR	Central Parkway	ISL-D864.5	Active		9 July 2018
724	0721-0735	New Flyer	2007 D40LFR	Central Parkway	ISL-D864.5	Active		9 July 2018
725	0721-0735	New Flyer	2007 D40LFR	Central Parkway	ISL-D864.5	Active		9 July 2018
726	0721-0735	New Flyer	2007 D40LFR	Central Parkway	ISL-D864.5	Active		9 July 2018
727	0721-0735	New Flyer	2007 D40LFR	Central Parkway	ISL-D864.5	Active		9 July 2018
728	0721-0735	New Flyer	2007 D40LFR	Central Parkway	ISL-D864.5	Active		9 July 2018
729	0721-0735	New Flyer	2007 D40LFR	Central Parkway	ISL-D864.5	Active		9 July 2018
730	0721-0735	New Flyer	2007 D40LFR	Central Parkway	ISL-D864.5	Active		9 July 2018
731	0721-0735	New Flyer	2007 D40LFR	Central Parkway	ISL-D864.5	Active		9 July 2018
732	0721-0735	New Flyer	2007 D40LFR	N/A	ISL-D864.5	Retired - 2017		9 July 2018
733	0721-0735	New Flyer	2007 D40LFR	Central Parkway	ISL-D864.5	Active		9 July 2018
734	0721-0735	New Flyer	2007 D40LFR	Central Parkway	ISL-D864.5	Active		9 July 2018
735	0721-0735	New Flyer	2007 D40LFR	Central Parkway	ISL-D864.5	Active		9 July 2018
801	0801-0844	New Flyer	2008 D40LFR	Central Parkway	ISL-D864.5	Active		9 July 2018
802	0801-0844	New Flyer	2008 D40LFR	Central Parkway	ISL-D864.5	Active		9 July 2018
803	0801-0844	New Flyer	2008 D40LFR	Central Parkway	ISL-D864.5	Active		9 July 2018
804	0801-0844	New Flyer	2008 D40LFR	Central Parkway	ISL-D864.5	Active		9 July 2018
805	0801-0844	New Flyer	2008 D40LFR	Central Parkway	ISL-D864.5	Active		9 July 2018
806	0801-0844	New Flyer	2008 D40LFR	Central Parkway	ISL-D864.5	Active	https://media.discordapp.net/attachments/466672200024588301/467001428368424990/IMG_20180213_173452_451.jpg	12 July 2018
807	0801-0844	New Flyer	2008 D40LFR	Central Parkway	ISL-D864.5	Active		9 July 2018
808	0801-0844	New Flyer	2008 D40LFR	Central Parkway	ISL-D864.5	Active		9 July 2018
809	0801-0844	New Flyer	2008 D40LFR	Central Parkway	ISL-D864.5	Active		9 July 2018
810	0801-0844	New Flyer	2008 D40LFR	Central Parkway	ISL-D864.5	Active		9 July 2018
811	0801-0844	New Flyer	2008 D40LFR	Central Parkway	ISL-D864.5	Active		9 July 2018
812	0801-0844	New Flyer	2008 D40LFR	Central Parkway	ISL-D864.5	Active		9 July 2018
813	0801-0844	New Flyer	2008 D40LFR	Central Parkway	ISL-D864.5	Active		9 July 2018
814	0801-0844	New Flyer	2008 D40LFR	Central Parkway	ISL-D864.5	Active		9 July 2018
815	0801-0844	New Flyer	2008 D40LFR	Central Parkway	ISL-D864.5	Active		9 July 2018
816	0801-0844	New Flyer	2008 D40LFR	Central Parkway	ISL-D864.5	Active		9 July 2018
817	0801-0844	New Flyer	2008 D40LFR	Central Parkway	ISL-D864.5	Active		9 July 2018
818	0801-0844	New Flyer	2008 D40LFR	Central Parkway	ISL-D864.5	Active		9 July 2018
819	0801-0844	New Flyer	2008 D40LFR	Central Parkway	ISL-D864.5	Active		9 July 2018
820	0801-0844	New Flyer	2008 D40LFR	Central Parkway	ISL-D864.5	Active		9 July 2018
821	0801-0844	New Flyer	2008 D40LFR	Central Parkway	ISL-D864.5	Active		9 July 2018
822	0801-0844	New Flyer	2008 D40LFR	Central Parkway	ISL-D864.5	Active		9 July 2018
823	0801-0844	New Flyer	2008 D40LFR	Central Parkway	ISL-D864.5	Active		9 July 2018
824	0801-0844	New Flyer	2008 D40LFR	Central Parkway	ISL-D864.5	Active		9 July 2018
825	0801-0844	New Flyer	2008 D40LFR	Central Parkway	ISL-D864.5	Active		9 July 2018
826	0801-0844	New Flyer	2008 D40LFR	Central Parkway	ISL-D864.5	Active		9 July 2018
827	0801-0844	New Flyer	2008 D40LFR	Central Parkway	ISL-D864.5	Active		9 July 2018
828	0801-0844	New Flyer	2008 D40LFR	Central Parkway	ISL-D864.5	Active		9 July 2018
829	0801-0844	New Flyer	2008 D40LFR	Central Parkway	ISL-D864.5	Active		9 July 2018
830	0801-0844	New Flyer	2008 D40LFR	Central Parkway	ISL-D864.5	Active		9 July 2018
831	0801-0844	New Flyer	2008 D40LFR	Central Parkway	ISL-D864.5	Active		9 July 2018
832	0801-0844	New Flyer	2008 D40LFR	Central Parkway	ISL-D864.5	Active		9 July 2018
833	0801-0844	New Flyer	2008 D40LFR	Central Parkway	ISL-D864.5	Active		9 July 2018
834	0801-0844	New Flyer	2008 D40LFR	Central Parkway	ISL-D864.5	Active		9 July 2018
835	0801-0844	New Flyer	2008 D40LFR	Central Parkway	ISL-D864.5	Active		9 July 2018
836	0801-0844	New Flyer	2008 D40LFR	Central Parkway	ISL-D864.5	Active		9 July 2018
837	0801-0844	New Flyer	2008 D40LFR	Central Parkway	ISL-D864.5	Active		9 July 2018
838	0801-0844	New Flyer	2008 D40LFR	Central Parkway	ISL-D864.5	Active		9 July 2018
839	0801-0844	New Flyer	2008 D40LFR	Central Parkway	ISL-D864.5	Active		9 July 2018
840	0801-0844	New Flyer	2008 D40LFR	Central Parkway	ISL-D864.5	Active		9 July 2018
841	0801-0844	New Flyer	2008 D40LFR	Central Parkway	ISL-D864.5	Active		9 July 2018
842	0801-0844	New Flyer	2008 D40LFR	Central Parkway	ISL-D864.5	Active		9 July 2018
843	0801-0844	New Flyer	2008 D40LFR	Central Parkway	ISL-D864.5	Active		9 July 2018
844	0801-0844	New Flyer	2008 D40LFR	Central Parkway	ISL-D864.5	Active		9 July 2018
851	0851-0885	New Flyer	2007 D60LFR	N/A	ISM-B500R	Retired - 2018		9 July 2018
852	0851-0885	New Flyer	2007 D60LFR	Malton	ISM-B500R	Active		9 July 2018
853	0851-0885	New Flyer	2007 D60LFR	N/A	ISM-B500R	Retired - 2018		9 July 2018
854	0851-0885	New Flyer	2007 D60LFR	Malton	ISM-B500R	Active		9 July 2018
855	0851-0885	New Flyer	2008 D60LFR	Malton	ISM-B500R	Active		9 July 2018
856	0851-0885	New Flyer	2008 D60LFR	N/A	ISM-B500R	Retired - 2018		9 July 2018
857	0851-0885	New Flyer	2008 D60LFR	Malton	ISM-B500R	Active		9 July 2018
858	0851-0885	New Flyer	2008 D60LFR	Malton	ISM-B500R	Active		9 July 2018
859	0851-0885	New Flyer	2008 D60LFR	Malton	ISM-B500R	Active		9 July 2018
860	0851-0885	New Flyer	2008 D60LFR	Malton	ISM-B500R	Active		9 July 2018
861	0851-0885	New Flyer	2008 D60LFR	Malton	ISM-B500R	Active		9 July 2018
862	0851-0885	New Flyer	2008 D60LFR	Malton	ISM-B500R	Active		9 July 2018
863	0851-0885	New Flyer	2008 D60LFR	Central Parkway	ISM-B500R	Active		9 July 2018
864	0851-0885	New Flyer	2008 D60LFR	N/A	ISM-B500R	Retired - 2018		9 July 2018
865	0851-0885	New Flyer	2008 D60LFR	N/A	ISM-B500R	Retired - 2018		9 July 2018
866	0851-0885	New Flyer	2008 D60LFR	Central Parkway	ISM-B500R	Active		9 July 2018
867	0851-0885	New Flyer	2008 D60LFR	Central Parkway	ISM-B500R	Active		9 July 2018
868	0851-0885	New Flyer	2008 D60LFR	Central Parkway	ISM-B500R	Active	https://media.discordapp.net/attachments/385830976879722499/466457889196736522/IMG_4959.JPG?width=500&height=300	11 July 2018
869	0851-0885	New Flyer	2008 D60LFR	N/A	ISM-B500R	Retired - 2018		9 July 2018
870	0851-0885	New Flyer	2008 D60LFR	Central Parkway	ISM-B500R	Active		9 July 2018
871	0851-0885	New Flyer	2008 D60LFR	N/A	ISM-B500R	Retired - 2018		9 July 2018
872	0851-0885	New Flyer	2008 D60LFR	Central Parkway	ISM-B500R	Active		9 July 2018
873	0851-0885	New Flyer	2008 D60LFR	Central Parkway	ISM-B500R	Active	https://media.discordapp.net/attachments/385830976879722499/466667087180333056/IMG_5904.JPG?width=779&height=520	11 July 2018
874	0851-0885	New Flyer	2008 D60LFR	Malton	ISM-B500R	Active	https://cdn.discordapp.com/attachments/385830976879722499/466423473447632896/IMG_2811.JPG?width=500&height=300	10 July 2018
875	0851-0885	New Flyer	2008 D60LFR	N/A	ISM-B500R	Retired - 2018		9 July 2018
876	0851-0885	New Flyer	2008 D60LFR	Malton	ISM-B500R	Active		9 July 2018
877	0851-0885	New Flyer	2008 D60LFR	N/A	ISM-B500R	Retired - 2018		9 July 2018
878	0851-0885	New Flyer	2008 D60LFR	Malton	ISM-B500R	Active		9 July 2018
879	0851-0885	New Flyer	2008 D60LFR	N/A	ISM-B500R	Retired - 2017		9 July 2018
880	0851-0885	New Flyer	2008 D60LFR	Malton	ISM-B500R	Active		9 July 2018
881	0851-0885	New Flyer	2008 D60LFR	N/A	ISM-B500R	Retired - 2018		9 July 2018
882	0851-0885	New Flyer	2008 D60LFR	N/A	ISM-B500R	Retired - 2018		9 July 2018
883	0851-0885	New Flyer	2008 D60LFR	Malton	ISM-B500R	Active		9 July 2018
884	0851-0885	New Flyer	2008 D60LFR	Malton	ISM-B500R	Active		9 July 2018
885	0851-0885	New Flyer	2008 D60LFR	Central Parkway	ISM-B500R	Active	https://media.discordapp.net/attachments/385830976879722499/466458177408598017/IMG_4966.JPG?width=500&height=300	11 July 2018
901	0901-0925	New Flyer	2008 D40LFR	Central Parkway	ISL-D864.5	Active		9 July 2018
902	0901-0925	New Flyer	2008 D40LFR	Central Parkway	ISL-D864.5	Active		9 July 2018
903	0901-0925	New Flyer	2008 D40LFR	Central Parkway	ISL-D864.5	Active		9 July 2018
904	0901-0925	New Flyer	2008 D40LFR	Central Parkway	ISL-D864.5	Active		9 July 2018
905	0901-0925	New Flyer	2008 D40LFR	Central Parkway	ISL-D864.5	Active		9 July 2018
906	0901-0925	New Flyer	2008 D40LFR	Central Parkway	ISL-D864.5	Active		9 July 2018
907	0901-0925	New Flyer	2008 D40LFR	Central Parkway	ISL-D864.5	Active		9 July 2018
908	0901-0925	New Flyer	2008 D40LFR	Central Parkway	ISL-D864.5	Active		9 July 2018
909	0901-0925	New Flyer	2008 D40LFR	Central Parkway	ISL-D864.5	Active	https://media.discordapp.net/attachments/385830976879722499/466452541412999179/IMG_4721.JPG?width=500&height=300	10 July 2018
910	0901-0925	New Flyer	2008 D40LFR	Central Parkway	ISL-D864.5	Active		9 July 2018
911	0901-0925	New Flyer	2008 D40LFR	Central Parkway	ISL-D864.5	Active		9 July 2018
912	0901-0925	New Flyer	2008 D40LFR	Central Parkway	ISL-D864.5	Active		9 July 2018
913	0901-0925	New Flyer	2008 D40LFR	Central Parkway	ISL-D864.5	Active		9 July 2018
914	0901-0925	New Flyer	2008 D40LFR	Central Parkway	ISL-D864.5	Active		9 July 2018
915	0901-0925	New Flyer	2008 D40LFR	Central Parkway	ISL-D864.5	Active	https://cdn.discordapp.com/attachments/385830976879722499/466418261802876928/IMG_2048.JPG?width=500&height=300	10 July 2018
916	0901-0925	New Flyer	2008 D40LFR	Central Parkway	ISL-D864.5	Active		9 July 2018
917	0901-0925	New Flyer	2008 D40LFR	Central Parkway	ISL-D864.5	Active		9 July 2018
918	0901-0925	New Flyer	2008 D40LFR	Central Parkway	ISL-D864.5	Active		9 July 2018
919	0901-0925	New Flyer	2008 D40LFR	Central Parkway	ISL-D864.5	Active		9 July 2018
920	0901-0925	New Flyer	2008 D40LFR	N/A	ISL-D864.5	Retired - 2017		9 July 2018
921	0901-0925	New Flyer	2008 D40LFR	Central Parkway	ISL-D864.5	Active		9 July 2018
922	0901-0925	New Flyer	2008 D40LFR	Central Parkway	ISL-D864.5	Active		9 July 2018
923	0901-0925	New Flyer	2008 D40LFR	Central Parkway	ISL-D864.5	Active		9 July 2018
924	0901-0925	New Flyer	2008 D40LFR	Central Parkway	ISL-D864.5	Active		9 July 2018
925	0901-0925	New Flyer	2008 D40LFR	Central Parkway	ISL-D864.5	Active		9 July 2018
1001	1001-1020	Orion	2010 VII EPA10 'BRT'	Central Parkway	ISL9-ZF6AP1400B	Active		9 July 2018
1002	1001-1020	Orion	2010 VII EPA10 'BRT'	Central Parkway	ISL9-ZF6AP1400B	Active		9 July 2018
1003	1001-1020	Orion	2010 VII EPA10 'BRT'	Central Parkway	ISL9-ZF6AP1400B	Active		9 July 2018
1004	1001-1020	Orion	2010 VII EPA10 'BRT'	Central Parkway	ISL9-ZF6AP1400B	Active		9 July 2018
1005	1001-1020	Orion	2010 VII EPA10 'BRT'	Central Parkway	ISL9-ZF6AP1400B	Active		9 July 2018
1006	1001-1020	Orion	2010 VII EPA10 'BRT'	Central Parkway	ISL9-ZF6AP1400B	Active		9 July 2018
1007	1001-1020	Orion	2010 VII EPA10 'BRT'	Central Parkway	ISL9-ZF6AP1400B	Active		9 July 2018
1008	1001-1020	Orion	2010 VII EPA10 'BRT'	Central Parkway	ISL9-ZF6AP1400B	Active		9 July 2018
1009	1001-1020	Orion	2010 VII EPA10 'BRT'	Central Parkway	ISL9-ZF6AP1400B	Active		9 July 2018
1010	1001-1020	Orion	2010 VII EPA10 'BRT'	Central Parkway	ISL9-ZF6AP1400B	Active		9 July 2018
1011	1001-1020	Orion	2010 VII EPA10 'BRT'	Central Parkway	ISL9-ZF6AP1400B	Active		9 July 2018
1012	1001-1020	Orion	2010 VII EPA10 'BRT'	Central Parkway	ISL9-ZF6AP1400B	Active		9 July 2018
1013	1001-1020	Orion	2010 VII EPA10 'BRT'	Central Parkway	ISL9-ZF6AP1400B	Active		9 July 2018
1014	1001-1020	Orion	2010 VII EPA10 'BRT'	Central Parkway	ISL9-ZF6AP1400B	Active		9 July 2018
1015	1001-1020	Orion	2010 VII EPA10 'BRT'	Central Parkway	ISL9-ZF6AP1400B	Active		9 July 2018
1016	1001-1020	Orion	2010 VII EPA10 'BRT'	Central Parkway	ISL9-ZF6AP1400B	Active		9 July 2018
1017	1001-1020	Orion	2010 VII EPA10 'BRT'	Central Parkway	ISL9-ZF6AP1400B	Active		9 July 2018
1018	1001-1020	Orion	2010 VII EPA10 'BRT'	Central Parkway	ISL9-ZF6AP1400B	Active		9 July 2018
1019	1001-1020	Orion	2010 VII EPA10 'BRT'	Central Parkway	ISL9-ZF6AP1400B	Active		9 July 2018
1020	1001-1020	Orion	2010 VII EPA10 'BRT'	Central Parkway	ISL9-D864.5	Active		9 July 2018
1031	1031-1045	Orion	2010 VII EPA10 HEV	Central Parkway	ISB6.7-BAE	Active		9 July 2018
1032	1031-1045	Orion	2010 VII EPA10 HEV	Central Parkway	ISB6.7-BAE	Active		9 July 2018
1033	1031-1045	Orion	2010 VII EPA10 HEV	Central Parkway	ISB6.7-BAE	Active		9 July 2018
1034	1031-1045	Orion	2010 VII EPA10 HEV	Central Parkway	ISB6.7-BAE	Active		9 July 2018
1035	1031-1045	Orion	2010 VII EPA10 HEV	Central Parkway	ISB6.7-BAE	Active		9 July 2018
1036	1031-1045	Orion	2010 VII EPA10 HEV	Central Parkway	ISB6.7-BAE	Active		9 July 2018
1037	1031-1045	Orion	2010 VII EPA10 HEV	Central Parkway	ISB6.7-BAE	Active		9 July 2018
1038	1031-1045	Orion	2010 VII EPA10 HEV	Central Parkway	ISB6.7-BAE	Active		9 July 2018
1039	1031-1045	Orion	2010 VII EPA10 HEV	Central Parkway	ISB6.7-BAE	Active		9 July 2018
1040	1031-1045	Orion	2010 VII EPA10 HEV	Central Parkway	ISB6.7-BAE	Active		9 July 2018
1041	1031-1045	Orion	2010 VII EPA10 HEV	Central Parkway	ISB6.7-BAE	Active	https://media.discordapp.net/attachments/385830976879722499/466429037686947850/IMG_3027.JPG?width=500&height=300	10 July 2018
1042	1031-1045	Orion	2010 VII EPA10 HEV	Central Parkway	ISB6.7-BAE	Active		9 July 2018
1043	1031-1045	Orion	2010 VII EPA10 HEV	Central Parkway	ISB6.7-BAE	Active	https://media.discordapp.net/attachments/466672200024588301/466754415492333568/IMG_20180111_174830_756.jpg	11 July 2018
1044	1031-1045	Orion	2010 VII EPA10 HEV	Central Parkway	ISB6.7-BAE	Active		9 July 2018
1045	1031-1045	Orion	2010 VII EPA10 HEV	Central Parkway	ISB6.7-BAE	Active		9 July 2018
1051	1051-1072	New Flyer	2010 D60LFR	Central Parkway	ISL9-B500R	Active		9 July 2018
1052	1051-1072	New Flyer	2010 D60LFR	Central Parkway	ISL9-B500R	Active		9 July 2018
1053	1051-1072	New Flyer	2010 D60LFR	Central Parkway	ISL9-B500R	Active	https://media.discordapp.net/attachments/385830976879722499/466440815250767893/IMG_3471.JPG?width=500&height=300	10 July 2018
1054	1051-1072	New Flyer	2010 D60LFR	Central Parkway	ISL9-B500R	Active	https://media.discordapp.net/attachments/385830976879722499/466428252789932042/IMG_3022.JPG?width=500&height=300	10 July 2018
1055	1051-1072	New Flyer	2010 D60LFR	Central Parkway	ISL9-B500R	Active		9 July 2018
1056	1051-1072	New Flyer	2010 D60LFR	Central Parkway	ISL9-B500R	Active		9 July 2018
1057	1051-1072	New Flyer	2010 D60LFR	Central Parkway	ISL9-B500R	Active	https://cdn.discordapp.com/attachments/385830976879722499/466595994260209664/IMG_1330.JPG	11 July 2018
1058	1051-1072	New Flyer	2010 D60LFR	Central Parkway	ISL9-B500R	Active		9 July 2018
1059	1051-1072	New Flyer	2010 D60LFR	Central Parkway	ISL9-B500R	Active		9 July 2018
1060	1051-1072	New Flyer	2010 D60LFR	Central Parkway	ISL9-B500R	Active		9 July 2018
1061	1051-1072	New Flyer	2010 D60LFR	Central Parkway	ISL9-B500R	Active		9 July 2018
1062	1051-1072	New Flyer	2010 D60LFR	Central Parkway	ISL9-B500R	Active		9 July 2018
1063	1051-1072	New Flyer	2010 D60LFR	Central Parkway	ISL9-B500R	Active		9 July 2018
1064	1051-1072	New Flyer	2010 D60LFR	Central Parkway	ISL9-B500R	Active		9 July 2018
1065	1051-1072	New Flyer	2010 D60LFR	Central Parkway	ISL9-B500R	Active		9 July 2018
1066	1051-1072	New Flyer	2010 D60LFR	Central Parkway	ISL9-B500R	Active		9 July 2018
1067	1051-1072	New Flyer	2010 D60LFR	Central Parkway	ISL9-B500R	Active	https://media.discordapp.net/attachments/385830976879722499/466455323864203264/IMG_4889.JPG?width=500&height=300	11 July 2018
1068	1051-1072	New Flyer	2010 D60LFR	Central Parkway	ISL9-B500R	Active		9 July 2018
1069	1051-1072	New Flyer	2010 D60LFR	Central Parkway	ISL9-B500R	Active		9 July 2018
1070	1051-1072	New Flyer	2010 D60LFR	Central Parkway	ISL9-B500R	Active		9 July 2018
1071	1051-1072	New Flyer	2010 D60LFR	Central Parkway	ISL9-B500R	Active		9 July 2018
1072	1051-1072	New Flyer	2010 D60LFR	Central Parkway	ISL9-B500R	Active		9 July 2018
1101	1101-1143	New Flyer	2011 XD40	Central Parkway	ISL9-D864.5	Active		9 July 2018
1102	1101-1143	New Flyer	2011 XD40	Central Parkway	ISL9-D864.5	Active		9 July 2018
1103	1101-1143	New Flyer	2011 XD40	Central Parkway	ISL9-D864.5	Active		9 July 2018
1104	1101-1143	New Flyer	2011 XD40	Central Parkway	ISL9-D864.5	Active		9 July 2018
1105	1101-1143	New Flyer	2011 XD40	Central Parkway	ISL9-D864.5	Active		9 July 2018
1106	1101-1143	New Flyer	2011 XD40	Central Parkway	ISL9-D864.5	Active		9 July 2018
1107	1101-1143	New Flyer	2011 XD40	Central Parkway	ISL9-D864.5	Active		9 July 2018
1108	1101-1143	New Flyer	2011 XD40	Central Parkway	ISL9-D864.5	Active		9 July 2018
1109	1101-1143	New Flyer	2011 XD40	Central Parkway	ISL9-D864.5	Active		9 July 2018
1110	1101-1143	New Flyer	2011 XD40	Central Parkway	ISL9-D864.5	Active		9 July 2018
1111	1101-1143	New Flyer	2011 XD40	Central Parkway	ISL9-D864.5	Active		9 July 2018
1112	1101-1143	New Flyer	2011 XD40	Central Parkway	ISL9-D864.5	Active		9 July 2018
1113	1101-1143	New Flyer	2011 XD40	Central Parkway	ISL9-D864.5	Active		9 July 2018
1114	1101-1143	New Flyer	2011 XD40	Central Parkway	ISL9-D864.5	Active		9 July 2018
1115	1101-1143	New Flyer	2011 XD40	Central Parkway	ISL9-D864.5	Active		9 July 2018
1116	1101-1143	New Flyer	2011 XD40	Central Parkway	ISL9-D864.5	Active		9 July 2018
1117	1101-1143	New Flyer	2011 XD40	Central Parkway	ISL9-D864.5	Active		9 July 2018
1118	1101-1143	New Flyer	2011 XD40	Central Parkway	ISL9-D864.5	Active		9 July 2018
1119	1101-1143	New Flyer	2011 XD40	Central Parkway	ISL9-D864.5	Active		9 July 2018
1120	1101-1143	New Flyer	2011 XD40	Central Parkway	ISL9-D864.5	Active		9 July 2018
1121	1101-1143	New Flyer	2011 XD40	Central Parkway	ISL9-D864.5	Active		9 July 2018
1122	1101-1143	New Flyer	2011 XD40	Central Parkway	ISL9-D864.5	Active		9 July 2018
1123	1101-1143	New Flyer	2011 XD40	Central Parkway	ISL9-D864.5	Active		9 July 2018
1124	1101-1143	New Flyer	2011 XD40	Central Parkway	ISL9-D864.5	Active		9 July 2018
1125	1101-1143	New Flyer	2011 XD40	Central Parkway	ISL9-D864.5	Active		9 July 2018
1126	1101-1143	New Flyer	2011 XD40	Central Parkway	ISL9-D864.5	Active		9 July 2018
1127	1101-1143	New Flyer	2011 XD40	Central Parkway	ISL9-D864.5	Active		9 July 2018
1128	1101-1143	New Flyer	2011 XD40	Central Parkway	ISL9-D864.5	Active	https://media.discordapp.net/attachments/385830976879722499/466451776455966750/IMG_4687.JPG?width=500&height=300	10 July 2018
1129	1101-1143	New Flyer	2011 XD40	Central Parkway	ISL9-D864.5	Active		9 July 2018
1130	1101-1143	New Flyer	2011 XD40	Central Parkway	ISL9-D864.5	Active		9 July 2018
1131	1101-1143	New Flyer	2011 XD40	Central Parkway	ISL9-D864.5	Active		9 July 2018
1132	1101-1143	New Flyer	2011 XD40	Central Parkway	ISL9-D864.5	Active		9 July 2018
1133	1101-1143	New Flyer	2011 XD40	Central Parkway	ISL9-D864.5	Active		9 July 2018
1134	1101-1143	New Flyer	2011 XD40	Central Parkway	ISL9-D864.5	Active		9 July 2018
1135	1101-1143	New Flyer	2011 XD40	Central Parkway	ISL9-D864.5	Active		9 July 2018
1136	1101-1143	New Flyer	2011 XD40	Central Parkway	ISL9-D864.5	Active		9 July 2018
1137	1101-1143	New Flyer	2011 XD40	Central Parkway	ISL9-D864.5	Active		9 July 2018
1138	1101-1143	New Flyer	2011 XD40	Central Parkway	ISL9-D864.5	Active		9 July 2018
1139	1101-1143	New Flyer	2011 XD40	Central Parkway	ISL9-D864.5	Active		9 July 2018
1140	1101-1143	New Flyer	2011 XD40	Central Parkway	ISL9-D864.5	Active		9 July 2018
1141	1101-1143	New Flyer	2011 XD40	Central Parkway	ISL9-D864.5	Active		9 July 2018
1142	1101-1143	New Flyer	2011 XD40	Central Parkway	ISL9-D864.5	Active		9 July 2018
1143	1101-1143	New Flyer	2011 XD40	Central Parkway	ISL9-D864.5	Active		9 July 2018
1201	1201-1215	Orion	2012 VII EPA10 'BRT'	Central Parkway	ISL9-D864.5	Active		9 July 2018
1202	1201-1215	Orion	2012 VII EPA10 'BRT'	Central Parkway	ISL9-D864.5	Active		9 July 2018
1203	1201-1215	Orion	2012 VII EPA10 'BRT'	Central Parkway	ISL9-D864.5	Active		9 July 2018
1204	1201-1215	Orion	2012 VII EPA10 'BRT'	Central Parkway	ISL9-D864.5	Active		9 July 2018
1205	1201-1215	Orion	2012 VII EPA10 'BRT'	Central Parkway	ISL9-D864.5	Active		9 July 2018
1206	1201-1215	Orion	2012 VII EPA10 'BRT'	Central Parkway	ISL9-D864.5	Active		9 July 2018
1207	1201-1215	Orion	2012 VII EPA10 'BRT'	Central Parkway	ISL9-D864.5	Active		9 July 2018
1208	1201-1215	Orion	2012 VII EPA10 'BRT'	Central Parkway	ISL9-D864.5	Active		9 July 2018
1209	1201-1215	Orion	2012 VII EPA10 'BRT'	Central Parkway	ISL9-D864.5	Active		9 July 2018
1210	1201-1215	Orion	2012 VII EPA10 'BRT'	Central Parkway	ISL9-D864.5	Active		9 July 2018
1211	1201-1215	Orion	2012 VII EPA10 'BRT'	Central Parkway	ISL9-D864.5	Active		9 July 2018
1212	1201-1215	Orion	2012 VII EPA10 'BRT'	Central Parkway	ISL9-D864.5	Active		9 July 2018
1213	1201-1215	Orion	2012 VII EPA10 'BRT'	Central Parkway	ISL9-D864.5	Active		9 July 2018
1214	1201-1215	Orion	2012 VII EPA10 'BRT'	Central Parkway	ISL9-D864.5	Active		9 July 2018
1215	1201-1215	Orion	2012 VII EPA10 'BRT'	Central Parkway	ISL9-D864.5	Active	https://media.discordapp.net/attachments/385830976879722499/466456199278231582/IMG_4912.JPG?width=500&height=300	11 July 2018
1301	1301-1314	New Flyer	2013 XD40	Central Parkway	ISL9-D864.5	Active	https://media.discordapp.net/attachments/385830976879722499/466040387090382848/26817905364_11a1c0046a_k.jpg?width=500&height=200	9 July 2018
1302	1301-1314	New Flyer	2013 XD40	Central Parkway	ISL9-D864.5	Active	https://media.discordapp.net/attachments/385830976879722499/466040387090382848/26817905364_11a1c0046a_k.jpg?width=500&height=200	9 July 2018
1303	1301-1314	New Flyer	2013 XD40	Central Parkway	ISL9-D864.5	Active	https://media.discordapp.net/attachments/385830976879722499/466040387090382848/26817905364_11a1c0046a_k.jpg?width=500&height=200	9 July 2018
1304	1301-1314	New Flyer	2013 XD40	Central Parkway	ISL9-D864.5	Active	https://media.discordapp.net/attachments/385830976879722499/466040387090382848/26817905364_11a1c0046a_k.jpg?width=500&height=200	9 July 2018
1305	1301-1314	New Flyer	2013 XD40	Central Parkway	ISL9-D864.5	Active	https://media.discordapp.net/attachments/385830976879722499/466040387090382848/26817905364_11a1c0046a_k.jpg?width=500&height=200	9 July 2018
1306	1301-1314	New Flyer	2013 XD40	Central Parkway	ISL9-D864.5	Active	https://media.discordapp.net/attachments/385830976879722499/466040387090382848/26817905364_11a1c0046a_k.jpg?width=500&height=200	9 July 2018
1307	1301-1314	New Flyer	2013 XD40	Central Parkway	ISL9-D864.5	Active	https://media.discordapp.net/attachments/385830976879722499/466040387090382848/26817905364_11a1c0046a_k.jpg?width=500&height=200	9 July 2018
1308	1301-1314	New Flyer	2013 XD40	Central Parkway	ISL9-D864.5	Active	https://media.discordapp.net/attachments/385830976879722499/466040387090382848/26817905364_11a1c0046a_k.jpg?width=500&height=200	9 July 2018
1309	1301-1314	New Flyer	2013 XD40	Central Parkway	ISL9-D864.5	Active	https://media.discordapp.net/attachments/385830976879722499/466040387090382848/26817905364_11a1c0046a_k.jpg?width=500&height=200	9 July 2018
1310	1301-1314	New Flyer	2013 XD40	Central Parkway	ISL9-D864.5	Active	https://media.discordapp.net/attachments/385830976879722499/466040387090382848/26817905364_11a1c0046a_k.jpg?width=500&height=200	9 July 2018
1311	1301-1314	New Flyer	2013 XD40	Central Parkway	ISL9-D864.5	Active	https://media.discordapp.net/attachments/385830976879722499/466040387090382848/26817905364_11a1c0046a_k.jpg?width=500&height=200	9 July 2018
1312	1301-1314	New Flyer	2013 XD40	Central Parkway	ISL9-D864.5	Active	https://media.discordapp.net/attachments/385830976879722499/466040387090382848/26817905364_11a1c0046a_k.jpg?width=500&height=200	9 July 2018
1313	1301-1314	New Flyer	2013 XD40	Central Parkway	ISL9-D864.5	Active	https://media.discordapp.net/attachments/385830976879722499/466040387090382848/26817905364_11a1c0046a_k.jpg?width=500&height=200	9 July 2018
1314	1301-1314	New Flyer	2013 XD40	Central Parkway	ISL9-D864.5	Active	https://media.discordapp.net/attachments/385830976879722499/466040387090382848/26817905364_11a1c0046a_k.jpg?width=500&height=200	9 July 2018
1351	1351-1360	New Flyer	2013 XD60	Central Parkway	ISL9-B500R	Active		9 July 2018
1352	1351-1360	New Flyer	2013 XD60	Central Parkway	ISL9-B500R	Active		9 July 2018
1353	1351-1360	New Flyer	2013 XD60	Central Parkway	ISL9-B500R	Active		9 July 2018
1354	1351-1360	New Flyer	2013 XD60	Central Parkway	ISL9-B500R	Active		9 July 2018
1355	1351-1360	New Flyer	2013 XD60	Central Parkway	ISL9-B500R	Active	IMG_20180519_221354_164.jpg	11 July 2018
1356	1351-1360	New Flyer	2013 XD60	Central Parkway	ISL9-B500R	Active	https://media.discordapp.net/attachments/466672200024588301/466752845006503938/IMG_20180128_155420_559.jpg	11 July 2018
1357	1351-1360	New Flyer	2013 XD60	Central Parkway	ISL9-B500R	Active		9 July 2018
1358	1351-1360	New Flyer	2013 XD60	Central Parkway	ISL9-B500R	Active		9 July 2018
1359	1351-1360	New Flyer	2013 XD60	Central Parkway	ISL9-B500R	Active		9 July 2018
1360	1351-1360	New Flyer	2013 XD60	Central Parkway	ISL9-B500R	Active		9 July 2018
1401	1401-1407	New Flyer	2014 XD40	Central Parkway	ISL9-D864.5	Active		9 July 2018
1402	1401-1407	New Flyer	2014 XD40	Central Parkway	ISL9-D864.5	Active		9 July 2018
1403	1401-1407	New Flyer	2014 XD40	Central Parkway	ISL9-D864.5	Active		9 July 2018
1404	1401-1407	New Flyer	2014 XD40	Central Parkway	ISL9-D864.5	Active		9 July 2018
1405	1401-1407	New Flyer	2014 XD40	Central Parkway	ISL9-D864.5	Active		9 July 2018
1406	1401-1407	New Flyer	2014 XD40	Central Parkway	ISL9-D864.5	Active		9 July 2018
1407	1401-1407	New Flyer	2014 XD40	Central Parkway	ISL9-D864.5	Active	https://media.discordapp.net/attachments/385830976879722499/466662252146327552/IMG_6196.JPG?width=779&height=520	11 July 2018
1701	1701-1727	New Flyer	2017 XD40	Central Parkway	ISL9-D864.5	Active		9 July 2018
1702	1701-1727	New Flyer	2017 XD40	Central Parkway	ISL9-D864.5	Active		9 July 2018
1703	1701-1727	New Flyer	2017 XD40	Central Parkway	ISL9-D864.5	Active		9 July 2018
1704	1701-1727	New Flyer	2017 XD40	Central Parkway	ISL9-D864.5	Active		9 July 2018
1705	1701-1727	New Flyer	2017 XD40	Central Parkway	ISL9-D864.5	Active	https://media.discordapp.net/attachments/385830976879722499/466447245672316938/944ccc1d8d9030febb09ef46a18b45d6.png?width=705&height=519	10 July 2018
1706	1701-1727	New Flyer	2017 XD40	Central Parkway	ISL9-D864.5	Active		9 July 2018
1707	1701-1727	New Flyer	2017 XD40	Central Parkway	ISL9-D864.5	Active		9 July 2018
1708	1701-1727	New Flyer	2017 XD40	Central Parkway	ISL9-D864.5	Active	https://media.discordapp.net/attachments/385830976879722499/466666090890657792/IMG_5973.JPG?width=779&height=520	11 July 2018
1709	1701-1727	New Flyer	2017 XD40	Central Parkway	ISL9-D864.5	Active		9 July 2018
1710	1701-1727	New Flyer	2017 XD40	Central Parkway	ISL9-D864.5	Active	https://media.discordapp.net/attachments/385830976879722499/466427301177851904/IMG_2988.JPG?width=500&height=300	10 July 2018
1711	1701-1727	New Flyer	2017 XD40	Central Parkway	ISL9-D864.5	Active		9 July 2018
1712	1701-1727	New Flyer	2017 XD40	Central Parkway	ISL9-D864.5	Active		9 July 2018
1713	1701-1727	New Flyer	2017 XD40	Central Parkway	ISL9-D864.5	Active	https://media.discordapp.net/attachments/385830976879722499/466676240485580800/IMG_5301.JPG?width=779&height=520	11 July 2018
1714	1701-1727	New Flyer	2017 XD40	Central Parkway	ISL9-D864.5	Active		9 July 2018
1715	1701-1727	New Flyer	2017 XD40	Central Parkway	ISL9-D864.5	Active		9 July 2018
1716	1701-1727	New Flyer	2017 XD40	Central Parkway	ISL9-D864.5	Active	https://media.discordapp.net/attachments/385830976879722499/466422221334773781/IMG_2097.JPG?width=500&height=300	10 July 2018
1717	1701-1727	New Flyer	2017 XD40	Central Parkway	ISL9-D864.5	Active		9 July 2018
1718	1701-1727	New Flyer	2017 XD40	Central Parkway	ISL9-D864.5	Active		9 July 2018
1719	1701-1727	New Flyer	2017 XD40	Central Parkway	ISL9-D864.5	Active	https://cdn.discordapp.com/attachments/385830976879722499/466414886780534784/IMG_1906.JPG	10 July 2018
1720	1701-1727	New Flyer	2017 XD40	Central Parkway	ISL9-D864.5	Active		9 July 2018
1721	1701-1727	New Flyer	2017 XD40	Central Parkway	ISL9-D864.5	Active		9 July 2018
1722	1701-1727	New Flyer	2017 XD40	Central Parkway	ISL9-D864.5	Active		9 July 2018
1723	1701-1727	New Flyer	2017 XD40	Central Parkway	ISL9-D864.5	Active		9 July 2018
1724	1701-1727	New Flyer	2017 XD40	Central Parkway	ISL9-D864.5	Active		9 July 2018
1725	1701-1727	New Flyer	2017 XD40	Central Parkway	ISL9-D864.5	Active		9 July 2018
1726	1701-1727	New Flyer	2017 XD40	Central Parkway	ISL9-D864.5	Active		9 July 2018
1727	1701-1727	New Flyer	2017 XD40	Central Parkway	ISL9-D864.5	Active		9 July 2018
1730	1730-1766	NovaBus	2017 LFS	Central Parkway	ISL9-D864.5	Active		9 July 2018
1731	1730-1766	NovaBus	2017 LFS	Central Parkway	ISL9-D864.5	Active	https://media.discordapp.net/attachments/385830976879722499/466438439865286677/IMG_3386.JPG?width=500&height=300	10 July 2018
1732	1730-1766	NovaBus	2017 LFS	Central Parkway	ISL9-D864.5	Active		9 July 2018
1733	1730-1766	NovaBus	2017 LFS	Central Parkway	ISL9-D864.5	Active		9 July 2018
1734	1730-1766	NovaBus	2017 LFS	Central Parkway	ISL9-D864.5	Active		9 July 2018
1735	1730-1766	NovaBus	2017 LFS	Central Parkway	ISL9-D864.5	Active		9 July 2018
1736	1730-1766	NovaBus	2017 LFS	Central Parkway	ISL9-D864.5	Active		9 July 2018
1737	1730-1766	NovaBus	2017 LFS	Central Parkway	ISL9-D864.5	Active		9 July 2018
1738	1730-1766	NovaBus	2017 LFS	Central Parkway	ISL9-D864.5	Active		9 July 2018
1739	1730-1766	NovaBus	2017 LFS	Central Parkway	ISL9-D864.5	Active		9 July 2018
1740	1730-1766	NovaBus	2017 LFS	Central Parkway	ISL9-D864.5	Active		9 July 2018
1741	1730-1766	NovaBus	2017 LFS	Central Parkway	ISL9-D864.5	Active		9 July 2018
1742	1730-1766	NovaBus	2017 LFS	Central Parkway	ISL9-D864.5	Active	https://media.discordapp.net/attachments/466672200024588301/466753539612475393/IMG_20180118_220833_929.jpg	11 July 2018
1743	1730-1766	NovaBus	2017 LFS	Central Parkway	ISL9-D864.5	Active		9 July 2018
1744	1730-1766	NovaBus	2017 LFS	Central Parkway	ISL9-D864.5	Active		9 July 2018
1745	1730-1766	NovaBus	2017 LFS	Central Parkway	ISL9-D864.5	Active		9 July 2018
1746	1730-1766	NovaBus	2017 LFS	Central Parkway	ISL9-D864.5	Active		9 July 2018
1747	1730-1766	NovaBus	2017 LFS	Central Parkway	ISL9-D864.5	Active		9 July 2018
1748	1730-1766	NovaBus	2017 LFS	Central Parkway	ISL9-D864.5	Active		9 July 2018
1749	1730-1766	NovaBus	2017 LFS	Central Parkway	ISL9-D864.5	Active		9 July 2018
1750	1730-1766	NovaBus	2017 LFS	Central Parkway	ISL9-D864.5	Active		9 July 2018
1751	1730-1766	NovaBus	2017 LFS	Central Parkway	ISL9-D864.5	Active		9 July 2018
1752	1730-1766	NovaBus	2017 LFS	Central Parkway	ISL9-D864.5	Active		9 July 2018
1753	1730-1766	NovaBus	2017 LFS	Central Parkway	ISL9-D864.5	Active		9 July 2018
1754	1730-1766	NovaBus	2017 LFS	Central Parkway	ISL9-D864.5	Active		9 July 2018
1755	1730-1766	NovaBus	2017 LFS	Central Parkway	ISL9-D864.5	Active		9 July 2018
1756	1730-1766	NovaBus	2017 LFS	Central Parkway	ISL9-D864.5	Active		9 July 2018
1757	1730-1766	NovaBus	2017 LFS	Central Parkway	ISL9-D864.5	Active		9 July 2018
1758	1730-1766	NovaBus	2017 LFS	Central Parkway	ISL9-D864.5	Active		9 July 2018
1759	1730-1766	NovaBus	2017 LFS	Central Parkway	ISL9-D864.5	Active		9 July 2018
1760	1730-1766	NovaBus	2017 LFS	Central Parkway	ISL9-D864.5	Active	https://media.discordapp.net/attachments/385830976879722499/466454540208832522/IMG_4845.JPG?width=500&height=300	11 July 2018
1761	1730-1766	NovaBus	2017 LFS	Central Parkway	ISL9-D864.5	Active		9 July 2018
1762	1730-1766	NovaBus	2017 LFS	Central Parkway	ISL9-D864.5	Active		9 July 2018
1763	1730-1766	NovaBus	2017 LFS	Central Parkway	ISL9-D864.5	Active		9 July 2018
1764	1730-1766	NovaBus	2017 LFS	Central Parkway	ISL9-D864.5	Active		9 July 2018
1765	1730-1766	NovaBus	2017 LFS	Central Parkway	ISL9-D864.5	Active		9 July 2018
1766	1730-1766	NovaBus	2017 LFS	Central Parkway	ISL9-D864.5	Active		9 July 2018
1770	1770-1799	NovaBus	2017 LFS-Artic	Central Parkway	ISL9-B500R	Active	https://cdn.discordapp.com/attachments/385830976879722499/466594956207718400/IMG_9527.JPG	11 July 2018
1771	1770-1799	NovaBus	2017 LFS-Artic	Central Parkway	ISL9-B500R	Active	https://cdn.discordapp.com/attachments/385830976879722499/466627734026846208/IMG_1244.JPG	11 July 2018
1772	1770-1799	NovaBus	2017 LFS-Artic	Central Parkway	ISL9-B500R	Active	https://cdn.discordapp.com/attachments/385830976879722499/466595498438950913/IMG_1332.JPG	11 July 2018
1773	1770-1799	NovaBus	2017 LFS-Artic	Central Parkway	ISL9-B500R	Active		9 July 2018
1774	1770-1799	NovaBus	2017 LFS-Artic	Central Parkway	ISL9-B500R	Active	https://media.discordapp.net/attachments/385830976879722499/466672864737886218/IMG_5626.JPG?width=779&height=520	11 July 2018
1775	1770-1799	NovaBus	2017 LFS-Artic	Central Parkway	ISL9-B500R	Active	https://media.discordapp.net/attachments/385830976879722499/466673169072128000/IMG_5606.JPG?width=779&height=520	11 July 2018
1776	1770-1799	NovaBus	2017 LFS-Artic	Central Parkway	ISL9-B500R	Active		9 July 2018
1777	1770-1799	NovaBus	2017 LFS-Artic	Central Parkway	ISL9-B500R	Active		9 July 2018
1778	1770-1799	NovaBus	2017 LFS-Artic	Central Parkway	ISL9-B500R	Active		9 July 2018
1779	1770-1799	NovaBus	2017 LFS-Artic	Central Parkway	ISL9-B500R	Active		9 July 2018
1780	1770-1799	NovaBus	2017 LFS-Artic	Central Parkway	ISL9-B500R	Active		9 July 2018
1781	1770-1799	NovaBus	2017 LFS-Artic	Central Parkway	ISL9-B500R	Active		9 July 2018
1782	1770-1799	NovaBus	2017 LFS-Artic	Central Parkway	ISL9-B500R	Active		9 July 2018
1783	1770-1799	NovaBus	2017 LFS-Artic	Central Parkway	ISL9-B500R	Active		9 July 2018
1784	1770-1799	NovaBus	2017 LFS-Artic	Central Parkway	ISL9-B500R	Active		9 July 2018
1785	1770-1799	NovaBus	2017 LFS-Artic	Central Parkway	ISL9-B500R	Active		9 July 2018
1786	1770-1799	NovaBus	2017 LFS-Artic	Central Parkway	ISL9-B500R	Active		9 July 2018
1787	1770-1799	NovaBus	2017 LFS-Artic	Central Parkway	ISL9-B500R	Active		9 July 2018
1788	1770-1799	NovaBus	2017 LFS-Artic	Central Parkway	ISL9-B500R	Active		9 July 2018
1789	1770-1799	NovaBus	2017 LFS-Artic	Central Parkway	ISL9-B500R	Active		9 July 2018
1790	1770-1799	NovaBus	2017 LFS-Artic	Central Parkway	ISL9-B500R	Active		9 July 2018
1791	1770-1799	NovaBus	2017 LFS-Artic	Central Parkway	ISL9-B500R	Active		9 July 2018
1792	1770-1799	NovaBus	2017 LFS-Artic	Central Parkway	ISL9-B500R	Active		9 July 2018
1793	1770-1799	NovaBus	2017 LFS-Artic	Central Parkway	ISL9-B500R	Active		9 July 2018
1794	1770-1799	NovaBus	2017 LFS-Artic	Central Parkway	ISL9-B500R	Active		9 July 2018
1795	1770-1799	NovaBus	2017 LFS-Artic	Central Parkway	ISL9-B500R	Active		9 July 2018
1796	1770-1799	NovaBus	2017 LFS-Artic	Central Parkway	ISL9-B500R	Active		9 July 2018
1797	1770-1799	NovaBus	2017 LFS-Artic	Central Parkway	ISL9-B500R	Active		9 July 2018
1798	1770-1799	NovaBus	2017 LFS-Artic	Central Parkway	ISL9-B500R	Active		9 July 2018
1799	1770-1799	NovaBus	2017 LFS-Artic	Central Parkway	ISL9-B500R	Active		9 July 2018
