vehicle	group	manufacturer	model	division	powertrain	status	thumbnail
201	201-223	Van Hool	2005 AG300	BRT - TOK Transit	ISM-D864.3E	Active	https://cptdb.ca/wiki/images/thumb/7/7e/York_Region_Transit_201-b.jpg/800px-York_Region_Transit_201-b.jpg	9 July 2018
202	201-223	Van Hool	2005 AG300	Southwest - Transdev	ISM-D864.3E	Active	https://cptdb.ca/wiki/images/thumb/7/7e/York_Region_Transit_201-b.jpg/800px-York_Region_Transit_201-b.jpg	9 July 2018
203	201-223	Van Hool	2005 AG300	BRT - TOK Transit	ISM-D864.3E	Active	https://cptdb.ca/wiki/images/thumb/7/7e/York_Region_Transit_201-b.jpg/800px-York_Region_Transit_201-b.jpg	9 July 2018
204	201-223	Van Hool	2005 AG300	BRT - TOK Transit	ISM-D864.3E	Active	https://cptdb.ca/wiki/images/thumb/7/7e/York_Region_Transit_201-b.jpg/800px-York_Region_Transit_201-b.jpg	9 July 2018
205	201-223	Van Hool	2005 AG300	Southwest - Transdev	ISM-D864.3E	Active	https://media.discordapp.net/attachments/385830976879722499/466434640266395658/IMG_3304.JPG?width=500&height=300	10 July 2018
206	201-223	Van Hool	2005 AG300	BRT - TOK Transit	ISM-D864.3E	Active	https://cptdb.ca/wiki/images/thumb/7/7e/York_Region_Transit_201-b.jpg/800px-York_Region_Transit_201-b.jpg	9 July 2018
207	201-223	Van Hool	2005 AG300	BRT - TOK Transit	ISM-D864.3E	Active	https://cptdb.ca/wiki/images/thumb/7/7e/York_Region_Transit_201-b.jpg/800px-York_Region_Transit_201-b.jpg	9 July 2018
208	201-223	Van Hool	2005 AG300	Southwest - Transdev	ISM-D864.3E	Active	https://cptdb.ca/wiki/images/thumb/7/7e/York_Region_Transit_201-b.jpg/800px-York_Region_Transit_201-b.jpg	9 July 2018
209	201-223	Van Hool	2005 AG300	Southwest - Transdev	ISM-D864.3E	Active	https://cptdb.ca/wiki/images/thumb/7/7e/York_Region_Transit_201-b.jpg/800px-York_Region_Transit_201-b.jpg	9 July 2018
210	201-223	Van Hool	2005 AG300	BRT - TOK Transit	ISM-D864.3E	Active	https://cptdb.ca/wiki/images/thumb/7/7e/York_Region_Transit_201-b.jpg/800px-York_Region_Transit_201-b.jpg	9 July 2018
211	201-223	Van Hool	2005 AG300	Southwest - Transdev	ISM-D864.3E	Active	https://cptdb.ca/wiki/images/thumb/7/7e/York_Region_Transit_201-b.jpg/800px-York_Region_Transit_201-b.jpg	9 July 2018
212	201-223	Van Hool	2005 AG300	Southwest - Transdev	ISM-D864.3E	Active	https://cptdb.ca/wiki/images/thumb/7/7e/York_Region_Transit_201-b.jpg/800px-York_Region_Transit_201-b.jpg	9 July 2018
213	201-223	Van Hool	2005 AG300	Southwest - Transdev	ISM-D864.3E	Active	https://cptdb.ca/wiki/images/thumb/7/7e/York_Region_Transit_201-b.jpg/800px-York_Region_Transit_201-b.jpg	9 July 2018
214	201-223	Van Hool	2005 AG300	Southwest - Transdev	ISM-D864.3E	Active	https://cptdb.ca/wiki/images/thumb/7/7e/York_Region_Transit_201-b.jpg/800px-York_Region_Transit_201-b.jpg	9 July 2018
215	201-223	Van Hool	2005 AG300	Southwest - Transdev	ISM-D864.3E	Active	https://cptdb.ca/wiki/images/thumb/7/7e/York_Region_Transit_201-b.jpg/800px-York_Region_Transit_201-b.jpg	9 July 2018
216	201-223	Van Hool	2005 AG300	Southwest - Transdev	ISM-D864.3E	Active	https://cptdb.ca/wiki/images/thumb/7/7e/York_Region_Transit_201-b.jpg/800px-York_Region_Transit_201-b.jpg	9 July 2018
217	201-223	Van Hool	2005 AG300	BRT - TOK Transit	ISM-D864.3E	Active	https://cptdb.ca/wiki/images/thumb/7/7e/York_Region_Transit_201-b.jpg/800px-York_Region_Transit_201-b.jpg	9 July 2018
218	201-223	Van Hool	2005 AG300	BRT - TOK Transit	ISM-D864.3E	Active	https://cptdb.ca/wiki/images/thumb/7/7e/York_Region_Transit_201-b.jpg/800px-York_Region_Transit_201-b.jpg	9 July 2018
219	201-223	Van Hool	2005 AG300	Southwest - Transdev	ISM-D864.3E	Active	https://cptdb.ca/wiki/images/thumb/7/7e/York_Region_Transit_201-b.jpg/800px-York_Region_Transit_201-b.jpg	9 July 2018
220	201-223	Van Hool	2005 AG300	BRT - TOK Transit	ISM-D864.3E	Active	https://cptdb.ca/wiki/images/thumb/7/7e/York_Region_Transit_201-b.jpg/800px-York_Region_Transit_201-b.jpg	9 July 2018
221	201-223	Van Hool	2006 AG300	BRT - TOK Transit	ISM-D864.3E	Active	https://cptdb.ca/wiki/images/thumb/7/7e/York_Region_Transit_201-b.jpg/800px-York_Region_Transit_201-b.jpg	9 July 2018
222	201-223	Van Hool	2006 AG300	BRT - TOK Transit	ISM-D864.3E	Active	https://cptdb.ca/wiki/images/thumb/7/7e/York_Region_Transit_201-b.jpg/800px-York_Region_Transit_201-b.jpg	9 July 2018
223	201-223	Van Hool	2006 AG300	Southwest - Transdev	ISM-D864.3E	Active	https://cptdb.ca/wiki/images/thumb/7/7e/York_Region_Transit_201-b.jpg/800px-York_Region_Transit_201-b.jpg	9 July 2018
311	311-335	New Flyer	2003 D40LF	Southwest - Transdev	ISL-D864.3E	Active		9 July 2018
312	311-335	New Flyer	2003 D40LF	Southwest - Transdev	ISL-D864.3E	Active		9 July 2018
313	311-335	New Flyer	2003 D40LF	Southwest - Transdev	ISL-D864.3E	Active		9 July 2018
314	311-335	New Flyer	2003 D40LF	Southwest - Transdev	ISL-D864.3E	Active		9 July 2018
315	311-335	New Flyer	2003 D40LF	Southwest - Transdev	ISL-D864.3E	Active		9 July 2018
316	311-335	New Flyer	2003 D40LF	Southwest - Transdev	ISL-D864.3E	Active		9 July 2018
317	311-335	New Flyer	2003 D40LF	Southwest - Transdev	ISL-D864.3E	Active		9 July 2018
318	311-335	New Flyer	2003 D40LF	Southwest - Transdev	ISL-D864.3E	Active		9 July 2018
319	311-335	New Flyer	2003 D40LF	Southwest - Transdev	ISL-D864.3E	Active		9 July 2018
320	311-335	New Flyer	2003 D40LF	Southwest - Transdev	ISL-D864.3E	Active		9 July 2018
321	311-335	New Flyer	2003 D40LF	Southwest - Transdev	ISL-D864.3E	Active		9 July 2018
322	311-335	New Flyer	2003 D40LF	Southwest - Transdev	ISL-D864.3E	Active		9 July 2018
323	311-335	New Flyer	2003 D40LF	Southwest - Transdev	ISL-D864.3E	Active		9 July 2018
324	311-335	New Flyer	2003 D40LF	Southwest - Transdev	ISL-D864.3E	Active		9 July 2018
325	311-335	New Flyer	2003 D40LF	Southwest - Transdev	ISL-D864.3E	Active		9 July 2018
326	311-335	New Flyer	2003 D40LF	Southwest - Transdev	ISL-D864.3E	Active		9 July 2018
327	311-335	New Flyer	2003 D40LF	Southwest - Transdev	ISL-D864.3E	Active		9 July 2018
328	311-335	New Flyer	2003 D40LF	Southwest - Transdev	ISL-D864.3E	Active		9 July 2018
329	311-335	New Flyer	2003 D40LF	Southwest - Transdev	ISL-D864.3E	Active		9 July 2018
330	311-335	New Flyer	2003 D40LF	Southwest - Transdev	ISL-D864.3E	Active		9 July 2018
331	311-335	New Flyer	2003 D40LF	Southwest - Transdev	ISL-D864.3E	Active		9 July 2018
332	311-335	New Flyer	2003 D40LF	Southwest - Transdev	ISL-D864.3E	Active		9 July 2018
333	311-335	New Flyer	2003 D40LF	Southwest - Transdev	ISL-D864.3E	Active		9 July 2018
334	311-335	New Flyer	2003 D40LF	Southwest - Transdev	ISL-D864.3E	Active		9 July 2018
335	311-335	New Flyer	2003 D40LF	Southwest - Transdev	ISL-D864.3E	Active		9 July 2018
401	401-412	New Flyer	2004 D40LF	Southeast - Miller	ISL-D864.3E	Active		9 July 2018
402	401-412	New Flyer	2004 D40LF	Southeast - Miller	ISL-D864.3E	Active		9 July 2018
403	401-412	New Flyer	2004 D40LF	Southeast - Miller	ISL-D864.3E	Active		9 July 2018
404	401-412	New Flyer	2004 D40LF	Southeast - Miller	ISL-D864.3E	Active		9 July 2018
405	401-412	New Flyer	2004 D40LF	Southeast - Miller	ISL-D864.3E	Active		9 July 2018
406	401-412	New Flyer	2004 D40LF	Southeast - Miller	ISL-D864.3E	Active		9 July 2018
407	401-412	New Flyer	2004 D40LF	Southeast - Miller	ISL-D864.3E	Active		9 July 2018
408	401-412	New Flyer	2004 D40LF	Southeast - Miller	ISL-D864.3E	Active		9 July 2018
409	401-412	New Flyer	2004 D40LF	Southeast - Miller	ISL-D864.3E	Active		9 July 2018
410	401-412	New Flyer	2004 D40LF	Southeast - Miller	ISL-D864.3E	Active		9 July 2018
411	401-412	New Flyer	2004 D40LF	Southeast - Miller	ISL-D864.3E	Active		9 July 2018
412	401-412	New Flyer	2004 D40LF	Southeast - Miller	ISL-D864.3E	Active		9 July 2018
541	541-570	ElDorado	2005 E-Z Rider II	N/A	ISB-B300R	Retired		9 July 2018
542	541-570	ElDorado	2005 E-Z Rider II	North - TOK Transit	ISB-B300R	Active		9 July 2018
543	541-570	ElDorado	2005 E-Z Rider II	North - TOK Transit	ISB-B300R	Active		9 July 2018
544	541-570	ElDorado	2005 E-Z Rider II	N/A	ISB-B300R	Retired		9 July 2018
545	541-570	ElDorado	2005 E-Z Rider II	N/A	ISB-B300R	Retired		9 July 2018
546	541-570	ElDorado	2005 E-Z Rider II	Southwest - Transdev	ISB-B300R	Active	https://cdn.discordapp.com/attachments/385830976879722499/466619906461270026/IMG_0366.JPG	11 July 2018
547	541-570	ElDorado	2005 E-Z Rider II	Southwest - Transdev	ISB-B300R	Active		9 July 2018
548	541-570	ElDorado	2005 E-Z Rider II	N/A	ISB-B300R	Retired		9 July 2018
549	541-570	ElDorado	2005 E-Z Rider II	N/A	ISB-B300R	Retired		9 July 2018
550	541-570	ElDorado	2005 E-Z Rider II	North - TOK Transit	ISB-B300R	Inactive		9 July 2018
551	541-570	ElDorado	2005 E-Z Rider II	N/A	ISB-B300R	Retired		9 July 2018
552	541-570	ElDorado	2005 E-Z Rider II	N/A	ISB-B300R	Retired		9 July 2018
553	541-570	ElDorado	2005 E-Z Rider II	N/A	ISB-B300R	Retired		9 July 2018
554	541-570	ElDorado	2005 E-Z Rider II	N/A	ISB-B300R	Retired		9 July 2018
555	541-570	ElDorado	2005 E-Z Rider II	N/A	ISB-B300R	Retired		9 July 2018
556	541-570	ElDorado	2005 E-Z Rider II	North - TOK Transit	ISB-B300R	Active		9 July 2018
557	541-570	ElDorado	2005 E-Z Rider II	N/A	ISB-B300R	Retired		9 July 2018
558	541-570	ElDorado	2005 E-Z Rider II	Southeast - Miller	ISB-B300R	Active		9 July 2018
559	541-570	ElDorado	2005 E-Z Rider II	North - TOK Transit	ISB-B300R	Active		9 July 2018
560	541-570	ElDorado	2005 E-Z Rider II	N/A	ISB-B300R	Retired		9 July 2018
561	541-570	ElDorado	2005 E-Z Rider II	Southeast - Miller	ISB-B300R	Active		9 July 2018
562	541-570	ElDorado	2005 E-Z Rider II	North - TOK Transit	ISB-B300R	Active		9 July 2018
563	541-570	ElDorado	2005 E-Z Rider II	N/A	ISB-B300R	Retired		9 July 2018
564	541-570	ElDorado	2005 E-Z Rider II	Southeast - Miller	ISB-B300R	Active		9 July 2018
565	541-570	ElDorado	2005 E-Z Rider II	Southeast - Miller	ISB-B300R	Active		9 July 2018
566	541-570	ElDorado	2005 E-Z Rider II	North - TOK Transit	ISB-B300R	Active		9 July 2018
567	541-570	ElDorado	2005 E-Z Rider II	N/A	ISB-B300R	Retired		9 July 2018
568	541-570	ElDorado	2005 E-Z Rider II	N/A	ISB-B300R	Retired		9 July 2018
569	541-570	ElDorado	2005 E-Z Rider II	North - TOK Transit	ISB-B300R	Active		9 July 2018
570	541-570	ElDorado	2005 E-Z Rider II	North - TOK Transit	ISB-B300R	Active		9 July 2018
601	601-609	New Flyer	2005 D40LF	Southeast - Miller	ISL-D864.3E	Active		9 July 2018
602	601-609	New Flyer	2005 D40LF	Southeast - Miller	ISL-D864.3E	Active		9 July 2018
603	601-609	New Flyer	2005 D40LF	Southeast - Miller	ISL-D864.3E	Active		9 July 2018
604	601-609	New Flyer	2005 D40LF	Southeast - Miller	ISL-D864.3E	Active		9 July 2018
605	601-609	New Flyer	2005 D40LF	Southeast - Miller	ISL-D864.3E	Active		9 July 2018
606	601-609	New Flyer	2005 D40LF	Southeast - Miller	ISL-D864.3E	Active		9 July 2018
607	601-609	New Flyer	2005 D40LF	North - TOK Transit	ISL-D864.3E	Active		9 July 2018
608	601-609	New Flyer	2005 D40LF	North - TOK Transit	ISL-D864.3E	Active		9 July 2018
609	601-609	New Flyer	2005 D40LF	North - TOK Transit	ISL-D864.3E	Active		9 July 2018
610	610-618	New Flyer	2006 D40LF	North - TOK Transit	ISL-D864.3E	Active		9 July 2018
611	610-618	New Flyer	2006 D40LF	North - TOK Transit	ISL-D864.3E	Active		9 July 2018
612	610-618	New Flyer	2006 D40LF	North - TOK Transit	ISL-D864.3E	Active		9 July 2018
613	610-618	New Flyer	2006 D40LF	North - TOK Transit	ISL-D864.3E	Active		9 July 2018
614	610-618	New Flyer	2006 D40LF	North - TOK Transit	ISL-D864.3E	Active		9 July 2018
615	610-618	New Flyer	2006 D40LF	North - TOK Transit	ISL-D864.3E	Active		9 July 2018
616	610-618	New Flyer	2006 D40LF	Southeast - Miller	ISL-D864.3E	Active		9 July 2018
617	610-618	New Flyer	2006 D40LF	Southeast - Miller	ISL-D864.3E	Active		9 July 2018
618	610-618	New Flyer	2006 D40LF	Southeast - Miller	ISL-D864.3E	Active		9 July 2018
619	619-623	ElDorado	2006 E-Z Rider II	Southwest - Transdev	ISB-B300R	Inactive		9 July 2018
620	619-623	ElDorado	2006 E-Z Rider II	Southwest - Transdev	ISB-B300R	Inactive		9 July 2018
621	619-623	ElDorado	2006 E-Z Rider II	Southwest - Transdev	ISB-B300R	Inactive		9 July 2018
622	619-623	ElDorado	2006 E-Z Rider II	N/A	ISB-B300R	Retired		9 July 2018
623	619-623	ElDorado	2006 E-Z Rider II	Southwest - Transdev	ISB-B300R	Active	https://cdn.discordapp.com/attachments/385830976879722499/466620265363931162/IMG_0369.JPG	11 July 2018
701	701-730	New Flyer	2007 D40LF	North - TOK Transit	ISL-D864.5	Active		9 July 2018
702	701-730	New Flyer	2007 D40LF	North - TOK Transit	ISL-D864.5	Active		9 July 2018
703	701-730	New Flyer	2007 D40LF	Southwest - Transdev	ISL-D864.5	Active		9 July 2018
704	701-730	New Flyer	2007 D40LF	Southwest - Transdev	ISL-D864.5	Active		9 July 2018
705	701-730	New Flyer	2007 D40LF	Southwest - Transdev	ISL-D864.5	Active		9 July 2018
706	701-730	New Flyer	2007 D40LF	Southwest - Transdev	ISL-D864.5	Active		9 July 2018
707	701-730	New Flyer	2007 D40LF	Southwest - Transdev	ISL-D864.5	Active		9 July 2018
708	701-730	New Flyer	2007 D40LF	Southwest - Transdev	ISL-D864.5	Active		9 July 2018
709	701-730	New Flyer	2007 D40LF	Southwest - Transdev	ISL-D864.5	Active		9 July 2018
710	701-730	New Flyer	2007 D40LF	Southeast - Miller	ISL-D864.5	Active		9 July 2018
711	701-730	New Flyer	2007 D40LF	Southeast - Miller	ISL-D864.5	Active		9 July 2018
712	701-730	New Flyer	2007 D40LF	Southeast - Miller	ISL-D864.5	Active		9 July 2018
713	701-730	New Flyer	2007 D40LF	Southwest - Transdev	ISL-D864.5	Active		9 July 2018
714	701-730	New Flyer	2007 D40LF	Southwest - Transdev	ISL-D864.5	Active		9 July 2018
715	701-730	New Flyer	2007 D40LF	Southwest - Transdev	ISL-D864.5	Active		9 July 2018
716	701-730	New Flyer	2007 D40LF	Southwest - Transdev	ISL-D864.5	Active		9 July 2018
717	701-730	New Flyer	2007 D40LF	Southwest - Transdev	ISL-D864.5	Active		9 July 2018
718	701-730	New Flyer	2007 D40LF	Southeast - Miller	ISL-D864.5	Active		9 July 2018
719	701-730	New Flyer	2007 D40LF	Southeast - Miller	ISL-D864.5	Active		9 July 2018
720	701-730	New Flyer	2007 D40LF	Southeast - Miller	ISL-D864.5	Active		9 July 2018
721	701-730	New Flyer	2007 D40LF	Southeast - Miller	ISL-D864.5	Active		9 July 2018
722	701-730	New Flyer	2007 D40LF	Southeast - Miller	ISL-D864.5	Active		9 July 2018
723	701-730	New Flyer	2007 D40LF	Southeast - Miller	ISL-D864.5	Active		9 July 2018
724	701-730	New Flyer	2007 D40LF	Southwest - Transdev	ISL-D864.5	Active		9 July 2018
725	701-730	New Flyer	2007 D40LF	Southwest - Transdev	ISL-D864.5	Active		9 July 2018
726	701-730	New Flyer	2007 D40LF	Southwest - Transdev	ISL-D864.5	Active		9 July 2018
727	701-730	New Flyer	2007 D40LF	Southwest - Transdev	ISL-D864.5	Active		9 July 2018
728	701-730	New Flyer	2007 D40LF	Southwest - Transdev	ISL-D864.5	Active		9 July 2018
729	701-730	New Flyer	2007 D40LF	Southwest - Transdev	ISL-D864.5	Active		9 July 2018
730	701-730	New Flyer	2007 D40LF	Southwest - Transdev	ISL-D864.5	Active		9 July 2018
801	801-819	New Flyer	2008 D40LF	Southwest - Transdev	ISL-D864.5	Active		9 July 2018
802	801-819	New Flyer	2008 D40LF	Southwest - Transdev	ISL-D864.5	Active		9 July 2018
803	801-819	New Flyer	2008 D40LF	Southwest - Transdev	ISL-D864.5	Active		9 July 2018
804	801-819	New Flyer	2008 D40LF	Southwest - Transdev	ISL-D864.5	Active		9 July 2018
805	801-819	New Flyer	2008 D40LF	Southwest - Transdev	ISL-D864.5	Active		9 July 2018
806	801-819	New Flyer	2008 D40LF	Southwest - Transdev	ISL-D864.5	Active		9 July 2018
807	801-819	New Flyer	2008 D40LF	Southwest - Transdev	ISL-D864.5	Active		9 July 2018
808	801-819	New Flyer	2008 D40LF	Southwest - Transdev	ISL-D864.5	Active		9 July 2018
809	801-819	New Flyer	2008 D40LF	Southwest - Transdev	ISL-D864.5	Active		9 July 2018
810	801-819	New Flyer	2008 D40LF	Southwest - Transdev	ISL-D864.5	Active		9 July 2018
811	801-819	New Flyer	2008 D40LF	Southwest - Transdev	ISL-D864.5	Active		9 July 2018
812	801-819	New Flyer	2008 D40LF	Southwest - Transdev	ISL-D864.5	Active		9 July 2018
813	801-819	New Flyer	2008 D40LF	Southeast - Miller	ISL-D864.5	Active		9 July 2018
814	801-819	New Flyer	2008 D40LF	Southeast - Miller	ISL-D864.5	Active		9 July 2018
815	801-819	New Flyer	2008 D40LF	Southeast - Miller	ISL-D864.5	Active		9 July 2018
816	801-819	New Flyer	2008 D40LF	Southeast - Miller	ISL-D864.5	Active		9 July 2018
817	801-819	New Flyer	2008 D40LF	Southeast - Miller	ISL-D864.5	Active		9 July 2018
818	801-819	New Flyer	2008 D40LF	Southeast - Miller	ISL-D864.5	Active		9 July 2018
819	801-819	New Flyer	2008 D40LF	Southeast - Miller	ISL-D864.5	Active		9 July 2018
850	850-868	ElDorado	2008 E-Z Rider II	North - TOK Transit	ISB-B300R	Active		9 July 2018
851	850-868	ElDorado	2008 E-Z Rider II	North - TOK Transit	ISB-B300R	Active		9 July 2018
852	850-868	ElDorado	2008 E-Z Rider II	North - TOK Transit	ISB-B300R	Active		9 July 2018
853	850-868	ElDorado	2008 E-Z Rider II	North - TOK Transit	ISB-B300R	Active		9 July 2018
854	850-868	ElDorado	2008 E-Z Rider II	North - TOK Transit	ISB-B300R	Active		9 July 2018
855	850-868	ElDorado	2008 E-Z Rider II	North - TOK Transit	ISB-B300R	Active		9 July 2018
856	850-868	ElDorado	2008 E-Z Rider II	North - TOK Transit	ISB-B300R	Active		9 July 2018
857	850-868	ElDorado	2008 E-Z Rider II	North - TOK Transit	ISB-B300R	Active		9 July 2018
858	850-868	ElDorado	2008 E-Z Rider II	North - TOK Transit	ISB-B300R	Active		9 July 2018
859	850-868	ElDorado	2008 E-Z Rider II	North - TOK Transit	ISB-B300R	Active		9 July 2018
860	850-868	ElDorado	2008 E-Z Rider II	Southeast - Miller	ISB-B300R	Active		9 July 2018
861	850-868	ElDorado	2008 E-Z Rider II	Southeast - Miller	ISB-B300R	Active		9 July 2018
862	850-868	ElDorado	2008 E-Z Rider II	Southeast - Miller	ISB-B300R	Active	https://cdn.discordapp.com/attachments/385830976879722499/466626313936175104/IMG_1145.JPG	11 July 2018
863	850-868	ElDorado	2008 E-Z Rider II	Southeast - Miller	ISB-B300R	Active		9 July 2018
864	850-868	ElDorado	2008 E-Z Rider II	North - TOK Transit	ISB-B300R	Active		9 July 2018
865	850-868	ElDorado	2008 E-Z Rider II	North - TOK Transit	ISB-B300R	Active		9 July 2018
866	850-868	ElDorado	2008 E-Z Rider II	North - TOK Transit	ISB-B300R	Active		9 July 2018
867	850-868	ElDorado	2008 E-Z Rider II	North - TOK Transit	ISB-B300R	Active		9 July 2018
868	850-868	ElDorado	2008 E-Z Rider II	North - TOK Transit	ISB-B300R	Active		9 July 2018
901	901-945	New Flyer	2009 D40LF	North - TOK Transit	ISL-D864.5	Active		9 July 2018
902	901-945	New Flyer	2009 D40LF	North - TOK Transit	ISL-D864.5	Active		9 July 2018
903	901-945	New Flyer	2009 D40LF	North - TOK Transit	ISL-D864.5	Active		9 July 2018
904	901-945	New Flyer	2009 D40LF	North - TOK Transit	ISL-D864.5	Active		9 July 2018
905	901-945	New Flyer	2009 D40LF	North - TOK Transit	ISL-D864.5	Active		9 July 2018
906	901-945	New Flyer	2009 D40LF	North - TOK Transit	ISL-D864.5	Active		9 July 2018
907	901-945	New Flyer	2009 D40LF	North - TOK Transit	ISL-D864.5	Active		9 July 2018
908	901-945	New Flyer	2009 D40LF	North - TOK Transit	ISL-D864.5	Active		9 July 2018
909	901-945	New Flyer	2009 D40LF	North - TOK Transit	ISL-D864.5	Active		9 July 2018
910	901-945	New Flyer	2009 D40LF	North - TOK Transit	ISL-D864.5	Active		9 July 2018
911	901-945	New Flyer	2009 D40LF	North - TOK Transit	ISL-D864.5	Active		9 July 2018
912	901-945	New Flyer	2009 D40LF	North - TOK Transit	ISL-D864.5	Active		9 July 2018
913	901-945	New Flyer	2009 D40LF	North - TOK Transit	ISL-D864.5	Active		9 July 2018
914	901-945	New Flyer	2009 D40LF	North - TOK Transit	ISL-D864.5	Active		9 July 2018
915	901-945	New Flyer	2009 D40LF	North - TOK Transit	ISL-D864.5	Active		9 July 2018
916	901-945	New Flyer	2009 D40LF	North - TOK Transit	ISL-D864.5	Active		9 July 2018
917	901-945	New Flyer	2009 D40LF	North - TOK Transit	ISL-D864.5	Active		9 July 2018
918	901-945	New Flyer	2009 D40LF	North - TOK Transit	ISL-D864.5	Active		9 July 2018
919	901-945	New Flyer	2009 D40LF	North - TOK Transit	ISL-D864.5	Active		9 July 2018
920	901-945	New Flyer	2009 D40LF	Southeast - Miller	ISL-D864.5	Active		9 July 2018
921	901-945	New Flyer	2009 D40LF	Southeast - Miller	ISL-D864.5	Active		9 July 2018
922	901-945	New Flyer	2009 D40LF	Southeast - Miller	ISL-D864.5	Active		9 July 2018
923	901-945	New Flyer	2009 D40LF	Southeast - Miller	ISL-D864.5	Active		9 July 2018
924	901-945	New Flyer	2009 D40LF	Southeast - Miller	ISL-D864.5	Active		9 July 2018
925	901-945	New Flyer	2009 D40LF	Southeast - Miller	ISL-D864.5	Active		9 July 2018
926	901-945	New Flyer	2009 D40LF	Southeast - Miller	ISL-D864.5	Active		9 July 2018
927	901-945	New Flyer	2009 D40LF	Southeast - Miller	ISL-D864.5	Active		9 July 2018
928	901-945	New Flyer	2009 D40LF	Southeast - Miller	ISL-D864.5	Active		9 July 2018
929	901-945	New Flyer	2009 D40LF	Southeast - Miller	ISL-D864.5	Active		9 July 2018
930	901-945	New Flyer	2009 D40LF	Southeast - Miller	ISL-D864.5	Active		9 July 2018
931	901-945	New Flyer	2009 D40LF	Southeast - Miller	ISL-D864.5	Active		9 July 2018
932	901-945	New Flyer	2009 D40LF	Southeast - Miller	ISL-D864.5	Active		9 July 2018
933	901-945	New Flyer	2009 D40LF	Southeast - Miller	ISL-D864.5	Active		9 July 2018
934	901-945	New Flyer	2009 D40LF	Southeast - Miller	ISL-D864.5	Active		9 July 2018
935	901-945	New Flyer	2009 D40LF	Southeast - Miller	ISL-D864.5	Active		9 July 2018
936	901-945	New Flyer	2009 D40LF	Southeast - Miller	ISL-D864.5	Active		9 July 2018
937	901-945	New Flyer	2009 D40LF	Southeast - Miller	ISL-D864.5	Active		9 July 2018
938	901-945	New Flyer	2009 D40LF	Southeast - Miller	ISL-D864.5	Active		9 July 2018
939	901-945	New Flyer	2009 D40LF	Southeast - Miller	ISL-D864.5	Active		9 July 2018
940	901-945	New Flyer	2009 D40LF	Southeast - Miller	ISL-D864.5	Active		9 July 2018
941	901-945	New Flyer	2009 D40LF	Southeast - Miller	ISL-D864.5	Active		9 July 2018
942	901-945	New Flyer	2009 D40LF	Southeast - Miller	ISL-D864.5	Active		9 July 2018
943	901-945	New Flyer	2009 D40LF	Southeast - Miller	ISL-D864.5	Active		9 July 2018
944	901-945	New Flyer	2009 D40LF	Southeast - Miller	ISL-D864.5	Active		9 July 2018
945	901-945	New Flyer	2009 D40LF	Southeast - Miller	ISL-D864.5	Active		9 July 2018
1001	1001-1019	New Flyer	2010 D40LF	Southeast - Miller	ISL-D864.5	Active		9 July 2018
1002	1001-1019	New Flyer	2010 D40LF	Southeast - Miller	ISL-D864.5	Active		9 July 2018
1003	1001-1019	New Flyer	2010 D40LF	Southeast - Miller	ISL-D864.5	Active		9 July 2018
1004	1001-1019	New Flyer	2010 D40LF	Southeast - Miller	ISL-D864.5	Active		9 July 2018
1005	1001-1019	New Flyer	2010 D40LF	Southeast - Miller	ISL-D864.5	Active		9 July 2018
1006	1001-1019	New Flyer	2010 D40LF	Southeast - Miller	ISL-D864.5	Active		9 July 2018
1007	1001-1019	New Flyer	2010 D40LF	Southeast - Miller	ISL-D864.5	Active		9 July 2018
1008	1001-1019	New Flyer	2010 D40LF	Southeast - Miller	ISL-D864.5	Active		9 July 2018
1009	1001-1019	New Flyer	2010 D40LF	Southeast - Miller	ISL-D864.5	Active		9 July 2018
1010	1001-1019	New Flyer	2010 D40LF	Southeast - Miller	ISL-D864.5	Active		9 July 2018
1011	1001-1019	New Flyer	2010 D40LF	Southeast - Miller	ISL-D864.5	Active		9 July 2018
1012	1001-1019	New Flyer	2010 D40LF	Southeast - Miller	ISL-D864.5	Active		9 July 2018
1013	1001-1019	New Flyer	2010 D40LF	Southeast - Miller	ISL-D864.5	Active		9 July 2018
1014	1001-1019	New Flyer	2010 D40LF	Southeast - Miller	ISL-D864.5	Active	https://media.discordapp.net/attachments/385830976879722499/466437721645252608/IMG_3322.JPG?width=500&height=300	10 July 2018
1015	1001-1019	New Flyer	2010 D40LF	Southeast - Miller	ISL-D864.5	Active		9 July 2018
1016	1001-1019	New Flyer	2010 D40LF	Southeast - Miller	ISL-D864.5	Active		9 July 2018
1017	1001-1019	New Flyer	2010 D40LF	Southeast - Miller	ISL-D864.5	Active		9 July 2018
1018	1001-1019	New Flyer	2010 D40LF	Southeast - Miller	ISL-D864.5	Active		9 July 2018
1019	1001-1019	New Flyer	2010 D40LF	Southeast - Miller	ISL-D864.5	Active		9 July 2018
1020	1020-1038	New Flyer	2010 D40LFR	Southeast - Miller	ISL9-D864.5	Active		9 July 2018
1021	1020-1038	New Flyer	2010 D40LFR	Southeast - Miller	ISL9-D864.5	Active		9 July 2018
1022	1020-1038	New Flyer	2010 D40LFR	Southeast - Miller	ISL9-D864.5	Active		9 July 2018
1023	1020-1038	New Flyer	2010 D40LFR	Southeast - Miller	ISL9-D864.5	Active		9 July 2018
1024	1020-1038	New Flyer	2010 D40LFR	Southeast - Miller	ISL9-D864.5	Active		9 July 2018
1025	1020-1038	New Flyer	2010 D40LFR	Southeast - Miller	ISL9-D864.5	Active		9 July 2018
1026	1020-1038	New Flyer	2010 D40LFR	Southeast - Miller	ISL9-D864.5	Active		9 July 2018
1027	1020-1038	New Flyer	2010 D40LFR	Southeast - Miller	ISL9-D864.5	Active		9 July 2018
1028	1020-1038	New Flyer	2010 D40LFR	Southeast - Miller	ISL9-D864.5	Active		9 July 2018
1029	1020-1038	New Flyer	2010 D40LFR	Southeast - Miller	ISL9-D864.5	Active		9 July 2018
1030	1020-1038	New Flyer	2010 D40LFR	Southeast - Miller	ISL9-D864.5	Active		9 July 2018
1031	1020-1038	New Flyer	2010 D40LFR	Southwest - Transdev	ISL9-D864.5	Active		9 July 2018
1032	1020-1038	New Flyer	2010 D40LFR	Southwest - Transdev	ISL9-D864.5	Active		9 July 2018
1033	1020-1038	New Flyer	2010 D40LFR	Southwest - Transdev	ISL9-D864.5	Active		9 July 2018
1034	1020-1038	New Flyer	2010 D40LFR	Southwest - Transdev	ISL9-D864.5	Active		9 July 2018
1035	1020-1038	New Flyer	2010 D40LFR	Southwest - Transdev	ISL9-D864.5	Active		9 July 2018
1036	1020-1038	New Flyer	2010 D40LFR	Southwest - Transdev	ISL9-D864.5	Active		9 July 2018
1037	1020-1038	New Flyer	2010 D40LFR	Southwest - Transdev	ISL9-D864.5	Active		9 July 2018
1038	1020-1038	New Flyer	2010 D40LFR	Southwest - Transdev	ISL9-D864.5	Active		9 July 2018
1101	1101-1120	New Flyer	2011 D40LFR	Southeast - Miller	ISL9-D864.5	Active		9 July 2018
1102	1101-1120	New Flyer	2011 D40LFR	Southeast - Miller	ISL9-D864.5	Active		9 July 2018
1103	1101-1120	New Flyer	2011 D40LFR	Southeast - Miller	ISL9-D864.5	Active		9 July 2018
1104	1101-1120	New Flyer	2011 D40LFR	Southeast - Miller	ISL9-D864.5	Active		9 July 2018
1105	1101-1120	New Flyer	2011 D40LFR	Southeast - Miller	ISL9-D864.5	Active		9 July 2018
1106	1101-1120	New Flyer	2011 D40LFR	Southeast - Miller	ISL9-D864.5	Active		9 July 2018
1107	1101-1120	New Flyer	2011 D40LFR	Southeast - Miller	ISL9-D864.5	Active		9 July 2018
1108	1101-1120	New Flyer	2011 D40LFR	Southeast - Miller	ISL9-D864.5	Active		9 July 2018
1109	1101-1120	New Flyer	2011 D40LFR	Southeast - Miller	ISL9-D864.5	Active		9 July 2018
1110	1101-1120	New Flyer	2011 D40LFR	Southeast - Miller	ISL9-D864.5	Active		9 July 2018
1111	1101-1120	New Flyer	2011 D40LFR	Southeast - Miller	ISL9-D864.5	Active		9 July 2018
1112	1101-1120	New Flyer	2011 D40LFR	Southeast - Miller	ISL9-D864.5	Active		9 July 2018
1113	1101-1120	New Flyer	2011 D40LFR	Southeast - Miller	ISL9-D864.5	Active		9 July 2018
1114	1101-1120	New Flyer	2011 D40LFR	Southeast - Miller	ISL9-D864.5	Active		9 July 2018
1115	1101-1120	New Flyer	2011 D40LFR	Southeast - Miller	ISL9-D864.5	Active		9 July 2018
1116	1101-1120	New Flyer	2011 D40LFR	Southeast - Miller	ISL9-D864.5	Active		9 July 2018
1117	1101-1120	New Flyer	2011 D40LFR	Southeast - Miller	ISL9-D864.5	Active		9 July 2018
1118	1101-1120	New Flyer	2011 D40LFR	Southeast - Miller	ISL9-D864.5	Active		9 July 2018
1119	1101-1120	New Flyer	2011 D40LFR	Southeast - Miller	ISL9-D864.5	Active		9 July 2018
1120	1101-1120	New Flyer	2011 D40LFR	Southeast - Miller	ISL9-D864.5	Active		9 July 2018
